ccaa,entregadas,administradas,admin_entregadas,hasta,fecha,pfizer,moderna,astrazeneca,vacuna_completa
"Andalucía",140295,25809,18.4,"2021-01-03T00:00:00.000Z","2021-01-04T00:00:00.000Z","","","",""
"Andalucía",140295,53934,38.4,"2021-01-06T00:00:00.000Z","2021-01-07T00:00:00.000Z","","","",""
"Andalucía",140295,69445,49.5,"2021-01-07T00:00:00.000Z","2021-01-08T00:00:00.000Z","","","",""
"Andalucía",140295,81387,58,"2021-01-09T00:00:00.000Z","2021-01-11T00:00:00.000Z","","","",""
"Andalucía",140295,94879,67.6,"2021-01-11T00:00:00.000Z","2021-01-12T00:00:00.000Z","","","",""
"Andalucía",209520,109831,52.4,"2021-01-12T00:00:00.000Z","2021-01-13T00:00:00.000Z","","","",""
"Andalucía",216320,123459,57,"2021-01-13T00:00:00.000Z","2021-01-14T00:00:00.000Z",209520,6800,"",""
"Andalucía",216320,139718,65,"2021-01-14T00:00:00.000Z","2021-01-15T00:00:00.000Z",209520,6800,"",""
"Andalucía",216320,151404,70,"2021-01-17T00:00:00.000Z","2021-01-18T00:00:00.000Z",209520,6800,"",533
"Andalucía",216320,164820,76.2,"2021-01-18T00:00:00.000Z","2021-01-19T00:00:00.000Z",209520,6800,"",1773
"Andalucía",251420,174279,69.3,"2021-01-19T00:00:00.000Z","2021-01-20T00:00:00.000Z",244620,6800,"",4568
"Andalucía",251420,194101,77.2,"2021-01-20T00:00:00.000Z","2021-01-21T00:00:00.000Z",244620,6800,"",15193
"Andalucía",251420,209766,83.4,"2021-01-21T00:00:00.000Z","2021-01-22T00:00:00.000Z",244620,6800,"",20846
"Andalucía",251420,226309,90,"2021-01-24T00:00:00.000Z","2021-01-25T00:00:00.000Z",244620,6800,"",25516
"Andalucía",251420,251172,99.9,"2021-01-25T00:00:00.000Z","2021-01-26T00:00:00.000Z",244620,6800,"",37978
"Andalucía",330980,257976,77.9,"2021-01-26T00:00:00.000Z","2021-01-27T00:00:00.000Z",324180,6800,"",50951
"Andalucía",330980,265620,80.3,"2021-01-27T00:00:00.000Z","2021-01-28T00:00:00.000Z",324180,6800,"",55004
"Andalucía",330980,282995,85.5,"2021-01-28T00:00:00.000Z","2021-01-29T00:00:00.000Z",324180,6800,"",67511
"Andalucía",330980,299792,90.6,"2021-01-31T00:00:00.000Z","2021-02-01T00:00:00.000Z",324180,6800,"",78640
"Andalucía",330980,313286,94.7,"2021-02-01T00:00:00.000Z","2021-02-02T00:00:00.000Z",324180,6800,"",90764
"Andalucía",416830,329258,79,"2021-02-02T00:00:00.000Z","2021-02-03T00:00:00.000Z",400230,16600,"",104529
"Andalucía",416830,345648,82.9,"2021-02-03T00:00:00.000Z","2021-02-04T00:00:00.000Z",400230,16600,"",117953
"Andalucía",416830,363482,87.2,"2021-02-04T00:00:00.000Z","2021-02-05T00:00:00.000Z",400230,16600,"",131693
"Andalucía",416830,378943,90.9,"2021-02-07T00:00:00.000Z","2021-02-08T00:00:00.000Z",400230,16600,"",143552
"Andalucía",451330,390077,86.4,"2021-02-08T00:00:00.000Z","2021-02-09T00:00:00.000Z",400230,16600,34500,151577
"Andalucía",545910,401714,73.6,"2021-02-09T00:00:00.000Z","2021-02-10T00:00:00.000Z",475110,36300,34500,159969
"Andalucía",545910,415015,76,"2021-02-10T00:00:00.000Z","2021-02-11T00:00:00.000Z",475110,36300,34500,168087
"Andalucía",545910,431642,79.1,"2021-02-11T00:00:00.000Z","2021-02-12T00:00:00.000Z",475110,36300,34500,176731
"Andalucía",545910,457018,83.7,"2021-02-14T00:00:00.000Z","2021-02-15T00:00:00.000Z",475110,36300,34500,190867
"Andalucía",545910,468983,85.9,"2021-02-15T00:00:00.000Z","2021-02-16T00:00:00.000Z",475110,36300,34500,194477
"Andalucía",679510,485673,71.5,"2021-02-15T00:00:00.000Z","2021-02-17T00:00:00.000Z",568710,36300,74500,198314
"Andalucía",679510,506973,74.6,"2021-02-17T00:00:00.000Z","2021-02-18T00:00:00.000Z",568710,36300,74500,202631
"Andalucía",679510,561803,82.7,"2021-02-18T00:00:00.000Z","2021-02-19T00:00:00.000Z",568710,36300,74500,208721
"Andalucía",679510,607552,89.4,"2021-02-21T00:00:00.000Z","2021-02-22T00:00:00.000Z",568710,36300,74500,215070
"Andalucía",679510,626659,92.2,"2021-02-22T00:00:00.000Z","2021-02-23T00:00:00.000Z",568710,36300,74500,216617
"Aragón",23715,2004,8.5,"2021-01-02T00:00:00.000Z","2021-01-04T00:00:00.000Z","","","",""
"Aragón",23715,6186,26.1,"2021-01-06T00:00:00.000Z","2021-01-07T00:00:00.000Z","","","",""
"Aragón",23715,9944,41.9,"2021-01-08T00:00:00.000Z","2021-01-08T00:00:00.000Z","","","",""
"Aragón",23715,10998,46.4,"2021-01-09T00:00:00.000Z","2021-01-11T00:00:00.000Z","","","",""
"Aragón",23715,11983,50.5,"2021-01-11T00:00:00.000Z","2021-01-12T00:00:00.000Z","","","",""
"Aragón",35415,17043,48.1,"2021-01-12T00:00:00.000Z","2021-01-13T00:00:00.000Z","","","",""
"Aragón",36615,20854,57,"2021-01-13T00:00:00.000Z","2021-01-14T00:00:00.000Z",35415,1200,"",""
"Aragón",36615,23619,65,"2021-01-14T00:00:00.000Z","2021-01-15T00:00:00.000Z",35415,1200,"",""
"Aragón",36615,25133,69,"2021-01-17T00:00:00.000Z","2021-01-18T00:00:00.000Z",35415,1200,"",0
"Aragón",36615,28316,77.3,"2021-01-18T00:00:00.000Z","2021-01-19T00:00:00.000Z",35415,1200,"",250
"Aragón",42465,33734,79.4,"2021-01-19T00:00:00.000Z","2021-01-20T00:00:00.000Z",41265,1200,"",623
"Aragón",42465,38170,89.9,"2021-01-21T00:00:00.000Z","2021-01-21T00:00:00.000Z",41265,1200,"",1731
"Aragón",42465,41287,97.2,"2021-01-21T00:00:00.000Z","2021-01-22T00:00:00.000Z",41265,1200,"",2165
"Aragón",42465,42539,100.2,"2021-01-24T00:00:00.000Z","2021-01-25T00:00:00.000Z",41265,1200,"",2222
"Aragón",42465,43531,102.5,"2021-01-25T00:00:00.000Z","2021-01-26T00:00:00.000Z",41265,1200,"",2945
"Aragón",56505,47835,84.7,"2021-01-26T00:00:00.000Z","2021-01-27T00:00:00.000Z",55305,1200,"",5860
"Aragón",56505,49453,87.5,"2021-01-27T00:00:00.000Z","2021-01-28T00:00:00.000Z",55305,1200,"",6806
"Aragón",56505,53937,95.5,"2021-01-28T00:00:00.000Z","2021-01-29T00:00:00.000Z",55305,1200,"",9752
"Aragón",56505,55292,97.9,"2021-01-31T00:00:00.000Z","2021-02-01T00:00:00.000Z",55305,1200,"",10364
"Aragón",56505,56482,100,"2021-02-01T00:00:00.000Z","2021-02-02T00:00:00.000Z",55305,1200,"",11119
"Aragón",71075,61036,85.9,"2021-02-02T00:00:00.000Z","2021-02-03T00:00:00.000Z",68175,2900,"",15157
"Aragón",71075,65979,92.8,"2021-02-03T00:00:00.000Z","2021-02-04T00:00:00.000Z",68175,2900,"",19535
"Aragón",71075,72656,102.2,"2021-02-04T00:00:00.000Z","2021-02-05T00:00:00.000Z",68175,2900,"",23488
"Aragón",71075,74650,105,"2021-02-07T00:00:00.000Z","2021-02-08T00:00:00.000Z",68175,2900,"",24380
"Aragón",76475,75586,98.8,"2021-02-08T00:00:00.000Z","2021-02-09T00:00:00.000Z",68175,2900,5400,25222
"Aragón",92745,80211,86.5,"2021-02-09T00:00:00.000Z","2021-02-10T00:00:00.000Z",81045,6300,5400,29343
"Aragón",92745,84487,91.1,"2021-02-10T00:00:00.000Z","2021-02-11T00:00:00.000Z",81045,6300,5400,32986
"Aragón",92745,88297,95.2,"2021-02-11T00:00:00.000Z","2021-02-12T00:00:00.000Z",81045,6300,5400,35659
"Aragón",92745,91343,98.5,"2021-02-13T00:00:00.000Z","2021-02-15T00:00:00.000Z",81045,6300,5400,36979
"Aragón",92745,93512,100.8,"2021-02-15T00:00:00.000Z","2021-02-16T00:00:00.000Z",81045,6300,5400,37628
"Aragón",114255,96987,84.9,"2021-02-16T00:00:00.000Z","2021-02-17T00:00:00.000Z",96255,6300,11700,39674
"Aragón",114255,101956,89.2,"2021-02-17T00:00:00.000Z","2021-02-18T00:00:00.000Z",96255,6300,11700,40945
"Aragón",114255,106629,93.3,"2021-02-18T00:00:00.000Z","2021-02-19T00:00:00.000Z",96255,6300,11700,42429
"Aragón",114255,109318,95.7,"2021-02-20T00:00:00.000Z","2021-02-22T00:00:00.000Z",96255,6300,11700,42860
"Aragón",114255,111067,97.2,"2021-02-22T00:00:00.000Z","2021-02-23T00:00:00.000Z",96255,6300,11700,43705
"Asturias",23720,9380,39.5,"2021-01-03T00:00:00.000Z","2021-01-04T00:00:00.000Z","","","",""
"Asturias",23720,14406,60.7,"2021-01-06T00:00:00.000Z","2021-01-07T00:00:00.000Z","","","",""
"Asturias",23720,17843,75.2,"2021-01-08T00:00:00.000Z","2021-01-08T00:00:00.000Z","","","",""
"Asturias",23720,18943,79.9,"2021-01-09T00:00:00.000Z","2021-01-11T00:00:00.000Z","","","",""
"Asturias",23720,22428,94.6,"2021-01-12T00:00:00.000Z","2021-01-12T00:00:00.000Z","","","",""
"Asturias",35420,25278,71.4,"2021-01-13T00:00:00.000Z","2021-01-13T00:00:00.000Z","","","",""
"Asturias",36620,29074,79,"2021-01-14T00:00:00.000Z","2021-01-14T00:00:00.000Z",35420,1200,"",""
"Asturias",36620,31247,85,"2021-01-15T00:00:00.000Z","2021-01-15T00:00:00.000Z",35420,1200,"",""
"Asturias",36620,33572,92,"2021-01-18T00:00:00.000Z","2021-01-18T00:00:00.000Z",35420,1200,"",202
"Asturias",36620,34293,93.6,"2021-01-19T00:00:00.000Z","2021-01-19T00:00:00.000Z",35420,1200,"",1285
"Asturias",45395,36054,79.4,"2021-01-19T00:00:00.000Z","2021-01-20T00:00:00.000Z",44195,1200,"",1687
"Asturias",45395,40011,88.1,"2021-01-21T00:00:00.000Z","2021-01-21T00:00:00.000Z",44195,1200,"",5664
"Asturias",45395,41465,91.3,"2021-01-22T00:00:00.000Z","2021-01-22T00:00:00.000Z",44195,1200,"",6851
"Asturias",45395,43926,96.8,"2021-01-22T00:00:00.000Z","2021-01-25T00:00:00.000Z",44195,1200,"",9030
"Asturias",45395,44087,97.1,"2021-01-25T00:00:00.000Z","2021-01-26T00:00:00.000Z",44195,1200,"",10694
"Asturias",59435,49077,82.6,"2021-01-26T00:00:00.000Z","2021-01-27T00:00:00.000Z",58235,1200,"",13727
"Asturias",59435,49857,83.9,"2021-01-27T00:00:00.000Z","2021-01-28T00:00:00.000Z",58235,1200,"",14080
"Asturias",59435,52919,89,"2021-01-28T00:00:00.000Z","2021-01-29T00:00:00.000Z",58235,1200,"",16266
"Asturias",59435,58112,97.8,"2021-01-31T00:00:00.000Z","2021-02-01T00:00:00.000Z",58235,1200,"",19475
"Asturias",59435,58177,97.9,"2021-02-01T00:00:00.000Z","2021-02-02T00:00:00.000Z",58235,1200,"",19503
"Asturias",72835,61483,84.4,"2021-02-02T00:00:00.000Z","2021-02-03T00:00:00.000Z",69935,2900,"",22227
"Asturias",72835,65301,89.7,"2021-02-03T00:00:00.000Z","2021-02-04T00:00:00.000Z",69935,2900,"",25710
"Asturias",72835,68626,94.2,"2021-02-04T00:00:00.000Z","2021-02-05T00:00:00.000Z",69935,2900,"",28740
"Asturias",72835,71784,98.6,"2021-02-07T00:00:00.000Z","2021-02-08T00:00:00.000Z",69935,2900,"",31467
"Asturias",77035,72787,94.5,"2021-02-08T00:00:00.000Z","2021-02-09T00:00:00.000Z",69935,2900,4200,31944
"Asturias",94475,75118,79.5,"2021-02-09T00:00:00.000Z","2021-02-10T00:00:00.000Z",83975,6300,4200,32296
"Asturias",94475,77168,81.7,"2021-02-10T00:00:00.000Z","2021-02-11T00:00:00.000Z",83975,6300,4200,32706
"Asturias",94475,78446,83,"2021-02-11T00:00:00.000Z","2021-02-12T00:00:00.000Z",83975,6300,4200,32946
"Asturias",94475,80484,85.2,"2021-02-13T00:00:00.000Z","2021-02-15T00:00:00.000Z",83975,6300,4200,33466
"Asturias",94475,81941,86.7,"2021-02-15T00:00:00.000Z","2021-02-16T00:00:00.000Z",83975,6300,4200,34140
"Asturias",113315,83128,73.4,"2021-02-16T00:00:00.000Z","2021-02-17T00:00:00.000Z",98015,6300,9000,34568
"Asturias",113315,85458,75.4,"2021-02-17T00:00:00.000Z","2021-02-18T00:00:00.000Z",98015,6300,9000,35251
"Asturias",113315,90123,79.5,"2021-02-18T00:00:00.000Z","2021-02-19T00:00:00.000Z",98015,6300,9000,36392
"Asturias",113315,96325,85,"2021-02-21T00:00:00.000Z","2021-02-22T00:00:00.000Z",98015,6300,9000,37645
"Asturias",113315,99545,87.8,"2021-02-22T00:00:00.000Z","2021-02-23T00:00:00.000Z",98015,6300,9000,37949
"Baleares",8940,153,1.7,"2020-12-28T00:00:00.000Z","2021-01-04T00:00:00.000Z","","","",""
"Baleares",12840,3190,24.8,"2021-01-05T00:00:00.000Z","2021-01-07T00:00:00.000Z","","","",""
"Baleares",12840,4257,33.2,"2021-01-07T00:00:00.000Z","2021-01-08T00:00:00.000Z","","","",""
"Baleares",12840,4652,36.2,"2021-01-08T00:00:00.000Z","2021-01-11T00:00:00.000Z","","","",""
"Baleares",12840,4835,37.7,"2021-01-11T00:00:00.000Z","2021-01-12T00:00:00.000Z","","","",""
"Baleares",12840,4931,38.4,"2021-01-12T00:00:00.000Z","2021-01-13T00:00:00.000Z","","","",""
"Baleares",13440,7552,56,"2021-01-13T00:00:00.000Z","2021-01-14T00:00:00.000Z",12840,600,"",""
"Baleares",13440,9366,70,"2021-01-14T00:00:00.000Z","2021-01-15T00:00:00.000Z",12840,600,"",""
"Baleares",17340,13750,79,"2021-01-17T00:00:00.000Z","2021-01-18T00:00:00.000Z",16740,600,"",155
"Baleares",17340,14658,84.5,"2021-01-18T00:00:00.000Z","2021-01-19T00:00:00.000Z",16740,600,"",164
"Baleares",23190,15697,67.7,"2021-01-19T00:00:00.000Z","2021-01-20T00:00:00.000Z",22590,600,"",167
"Baleares",23190,18105,78.1,"2021-01-20T00:00:00.000Z","2021-01-21T00:00:00.000Z",22590,600,"",1514
"Baleares",23190,20499,88.4,"2021-01-21T00:00:00.000Z","2021-01-22T00:00:00.000Z",22590,600,"",2660
"Baleares",23190,22083,95.2,"2021-01-23T00:00:00.000Z","2021-01-25T00:00:00.000Z",22590,600,"",2713
"Baleares",23190,22372,96.5,"2021-01-25T00:00:00.000Z","2021-01-26T00:00:00.000Z",22590,600,"",2879
"Baleares",30210,23603,78.1,"2021-01-26T00:00:00.000Z","2021-01-27T00:00:00.000Z",29610,600,"",3114
"Baleares",30210,23540,77.9,"2021-01-27T00:00:00.000Z","2021-01-28T00:00:00.000Z",29610,600,"",3295
"Baleares",30210,25041,82.9,"2021-01-28T00:00:00.000Z","2021-01-29T00:00:00.000Z",29610,600,"",4369
"Baleares",30210,25559,84.6,"2021-01-30T00:00:00.000Z","2021-02-01T00:00:00.000Z",29610,600,"",4782
"Baleares",30210,25963,85.9,"2021-02-01T00:00:00.000Z","2021-02-02T00:00:00.000Z",29610,600,"",5026
"Baleares",36960,26240,71,"2021-02-02T00:00:00.000Z","2021-02-03T00:00:00.000Z",35460,1500,"",5262
"Baleares",36960,29366,79.5,"2021-02-03T00:00:00.000Z","2021-02-04T00:00:00.000Z",35460,1500,"",7929
"Baleares",36960,31496,85.2,"2021-02-04T00:00:00.000Z","2021-02-05T00:00:00.000Z",35460,1500,"",9922
"Baleares",36960,35683,96.5,"2021-02-07T00:00:00.000Z","2021-02-08T00:00:00.000Z",35460,1500,"",13430
"Baleares",41760,36655,87.8,"2021-02-08T00:00:00.000Z","2021-02-09T00:00:00.000Z",35460,1500,4800,14072
"Baleares",50480,37685,74.7,"2021-02-09T00:00:00.000Z","2021-02-10T00:00:00.000Z",42480,3200,4800,14564
"Baleares",50480,38969,77.2,"2021-02-10T00:00:00.000Z","2021-02-11T00:00:00.000Z",42480,3200,4800,15576
"Baleares",50480,40624,80.5,"2021-02-11T00:00:00.000Z","2021-02-12T00:00:00.000Z",42480,3200,4800,16683
"Baleares",50480,43862,86.9,"2021-02-13T00:00:00.000Z","2021-02-15T00:00:00.000Z",42480,3200,4800,18653
"Baleares",50480,44573,88.3,"2021-02-15T00:00:00.000Z","2021-02-16T00:00:00.000Z",42480,3200,4800,19025
"Baleares",63000,45348,72,"2021-02-16T00:00:00.000Z","2021-02-17T00:00:00.000Z",49500,3200,10300,19361
"Baleares",63000,46824,74.3,"2021-02-17T00:00:00.000Z","2021-02-18T00:00:00.000Z",49500,3200,10300,19906
"Baleares",63000,50921,80.8,"2021-02-18T00:00:00.000Z","2021-02-19T00:00:00.000Z",49500,3200,10300,20499
"Baleares",63000,52721,83.7,"2021-02-21T00:00:00.000Z","2021-02-22T00:00:00.000Z",49500,3200,10300,20549
"Baleares",63000,52801,83.8,"2021-02-22T00:00:00.000Z","2021-02-23T00:00:00.000Z",49500,3200,10300,20560
"Canarias",20835,4846,52.5,"2021-01-03T00:00:00.000Z","2021-01-04T00:00:00.000Z","","","",""
"Canarias",27660,7330,26.5,"2021-01-06T00:00:00.000Z","2021-01-07T00:00:00.000Z","","","",""
"Canarias",27660,9572,34.6,"2021-01-08T00:00:00.000Z","2021-01-08T00:00:00.000Z","","","",""
"Canarias",27660,13607,49.2,"2021-01-11T00:00:00.000Z","2021-01-11T00:00:00.000Z","","","",""
"Canarias",27660,15328,55.4,"2021-01-12T00:00:00.000Z","2021-01-12T00:00:00.000Z","","","",""
"Canarias",41310,22290,54,"2021-01-13T00:00:00.000Z","2021-01-13T00:00:00.000Z","","","",""
"Canarias",42610,25159,59,"2021-01-13T00:00:00.000Z","2021-01-14T00:00:00.000Z",41310,1300,"",""
"Canarias",42610,30732,72,"2021-01-15T00:00:00.000Z","2021-01-15T00:00:00.000Z",41310,1300,"",""
"Canarias",42610,42113,99,"2021-01-18T00:00:00.000Z","2021-01-18T00:00:00.000Z",41310,1300,"",327
"Canarias",42610,43209,101.4,"2021-01-19T00:00:00.000Z","2021-01-19T00:00:00.000Z",41310,1300,"",339
"Canarias",47485,43599,91.8,"2021-01-20T00:00:00.000Z","2021-01-20T00:00:00.000Z",46185,1300,"",339
"Canarias",47485,45482,95.8,"2021-01-20T00:00:00.000Z","2021-01-21T00:00:00.000Z",46185,1300,"",1744
"Canarias",47485,47068,99.1,"2021-01-21T00:00:00.000Z","2021-01-22T00:00:00.000Z",46185,1300,"",2865
"Canarias",47485,50110,105.5,"2021-01-24T00:00:00.000Z","2021-01-25T00:00:00.000Z",46185,1300,"",3993
"Canarias",47485,52768,111.1,"2021-01-25T00:00:00.000Z","2021-01-26T00:00:00.000Z",46185,1300,"",5149
"Canarias",65620,54653,83.3,"2021-01-26T00:00:00.000Z","2021-01-27T00:00:00.000Z",64320,1300,"",6434
"Canarias",65620,56385,85.9,"2021-01-27T00:00:00.000Z","2021-01-28T00:00:00.000Z",64320,1300,"",6864
"Canarias",65620,60180,91.7,"2021-01-28T00:00:00.000Z","2021-01-29T00:00:00.000Z",64320,1300,"",8772
"Canarias",65620,64475,98.3,"2021-01-31T00:00:00.000Z","2021-02-01T00:00:00.000Z",64320,1300,"",11501
"Canarias",65620,67783,103.3,"2021-02-01T00:00:00.000Z","2021-02-02T00:00:00.000Z",64320,1300,"",14647
"Canarias",82730,70794,85.6,"2021-02-02T00:00:00.000Z","2021-02-03T00:00:00.000Z",79530,3200,"",17129
"Canarias",82730,75334,91.1,"2021-02-03T00:00:00.000Z","2021-02-04T00:00:00.000Z",79530,3200,"",20260
"Canarias",82730,79839,96.5,"2021-02-04T00:00:00.000Z","2021-02-05T00:00:00.000Z",79530,3200,"",24049
"Canarias",82730,84330,101.9,"2021-02-07T00:00:00.000Z","2021-02-08T00:00:00.000Z",79530,3200,"",28158
"Canarias",91630,85250,93,"2021-02-08T00:00:00.000Z","2021-02-09T00:00:00.000Z",79530,3200,8900,29047
"Canarias",109470,86467,79,"2021-02-09T00:00:00.000Z","2021-02-10T00:00:00.000Z",93570,7000,8900,29967
"Canarias",109470,86467,79,"2021-02-09T00:00:00.000Z","2021-02-11T00:00:00.000Z",93570,7000,8900,29967
"Canarias",109470,99316,90.7,"2021-02-11T00:00:00.000Z","2021-02-12T00:00:00.000Z",93570,7000,8900,40779
"Canarias",109470,104706,95.6,"2021-02-14T00:00:00.000Z","2021-02-15T00:00:00.000Z",93570,7000,8900,43371
"Canarias",109470,106747,97.5,"2021-02-15T00:00:00.000Z","2021-02-16T00:00:00.000Z",93570,7000,8900,44120
"Canarias",137320,109051,79.4,"2021-02-16T00:00:00.000Z","2021-02-17T00:00:00.000Z",111120,7000,19200,45239
"Canarias",137320,111897,81.5,"2021-02-17T00:00:00.000Z","2021-02-18T00:00:00.000Z",111120,7000,19200,46799
"Canarias",137320,115542,84.1,"2021-02-18T00:00:00.000Z","2021-02-19T00:00:00.000Z",111120,7000,19200,48759
"Canarias",137320,119426,87,"2021-02-21T00:00:00.000Z","2021-02-22T00:00:00.000Z",111120,7000,19200,49752
"Canarias",137320,122304,89.1,"2021-02-22T00:00:00.000Z","2021-02-23T00:00:00.000Z",111120,7000,19200,49926
"Cantabria",11850,304,2.6,"2020-12-30T00:00:00.000Z","2021-01-04T00:00:00.000Z","","","",""
"Cantabria",11850,1564,13.2,"2021-01-07T00:00:00.000Z","2021-01-07T00:00:00.000Z","","","",""
"Cantabria",11850,2334,19.7,"2021-01-08T00:00:00.000Z","2021-01-08T00:00:00.000Z","","","",""
"Cantabria",11850,8474,71.5,"2021-01-11T00:00:00.000Z","2021-01-11T00:00:00.000Z","","","",""
"Cantabria",11850,9527,80.4,"2021-01-12T00:00:00.000Z","2021-01-12T00:00:00.000Z","","","",""
"Cantabria",17700,11302,63.9,"2021-01-13T00:00:00.000Z","2021-01-13T00:00:00.000Z","","","",""
"Cantabria",18200,12779,70,"2021-01-14T00:00:00.000Z","2021-01-14T00:00:00.000Z",17700,500,"",""
"Cantabria",18200,14639,80,"2021-01-15T00:00:00.000Z","2021-01-15T00:00:00.000Z",17700,500,"",""
"Cantabria",18200,17724,97,"2021-01-16T00:00:00.000Z","2021-01-18T00:00:00.000Z",17700,500,"",0
"Cantabria",18200,18967,104.2,"2021-01-19T00:00:00.000Z","2021-01-19T00:00:00.000Z",17700,500,"",0
"Cantabria",21125,19473,92.2,"2021-01-20T00:00:00.000Z","2021-01-20T00:00:00.000Z",20625,500,"",0
"Cantabria",21125,19980,94.6,"2021-01-20T00:00:00.000Z","2021-01-21T00:00:00.000Z",20625,500,"",241
"Cantabria",21125,20462,96.9,"2021-01-21T00:00:00.000Z","2021-01-22T00:00:00.000Z",20625,500,"",241
"Cantabria",21125,20463,96.9,"2021-01-23T00:00:00.000Z","2021-01-25T00:00:00.000Z",20625,500,"",241
"Cantabria",21125,20743,98.2,"2021-01-23T00:00:00.000Z","2021-01-26T00:00:00.000Z",20625,500,"",300
"Cantabria",28145,20910,74.3,"2021-01-26T00:00:00.000Z","2021-01-27T00:00:00.000Z",27645,500,"",300
"Cantabria",28145,21469,76.3,"2021-01-27T00:00:00.000Z","2021-01-28T00:00:00.000Z",27645,500,"",782
"Cantabria",28145,21641,76.9,"2021-01-28T00:00:00.000Z","2021-01-29T00:00:00.000Z",27645,500,"",924
"Cantabria",28145,23626,83.9,"2021-01-30T00:00:00.000Z","2021-02-01T00:00:00.000Z",27645,500,"",2737
"Cantabria",28145,25067,89.1,"2021-02-01T00:00:00.000Z","2021-02-02T00:00:00.000Z",27645,500,"",4261
"Cantabria",34795,26718,76.8,"2021-02-02T00:00:00.000Z","2021-02-03T00:00:00.000Z",33495,1300,"",5861
"Cantabria",34795,27989,80.4,"2021-02-03T00:00:00.000Z","2021-02-04T00:00:00.000Z",33495,1300,"",7122
"Cantabria",34795,29864,85.8,"2021-02-04T00:00:00.000Z","2021-02-05T00:00:00.000Z",33495,1300,"",8806
"Cantabria",34795,34215,98.3,"2021-02-07T00:00:00.000Z","2021-02-08T00:00:00.000Z",33495,1300,"",12427
"Cantabria",37195,35347,95,"2021-02-08T00:00:00.000Z","2021-02-09T00:00:00.000Z",33495,1300,2400,13470
"Cantabria",44645,36320,81.4,"2021-02-09T00:00:00.000Z","2021-02-10T00:00:00.000Z",39345,2900,2400,14393
"Cantabria",44645,38217,85.6,"2021-02-10T00:00:00.000Z","2021-02-11T00:00:00.000Z",39345,2900,2400,16259
"Cantabria",44645,39707,88.9,"2021-02-11T00:00:00.000Z","2021-02-12T00:00:00.000Z",39345,2900,2400,17478
"Cantabria",44645,42494,95.2,"2021-02-13T00:00:00.000Z","2021-02-15T00:00:00.000Z",39345,2900,2400,18916
"Cantabria",44645,43214,96.8,"2021-02-15T00:00:00.000Z","2021-02-16T00:00:00.000Z",39345,2900,2400,19000
"Cantabria",55535,43913,79.1,"2021-02-16T00:00:00.000Z","2021-02-17T00:00:00.000Z",47535,2900,5100,19062
"Cantabria",55535,44700,80.5,"2021-02-17T00:00:00.000Z","2021-02-18T00:00:00.000Z",47535,2900,5100,19118
"Cantabria",55535,45835,82.5,"2021-02-18T00:00:00.000Z","2021-02-19T00:00:00.000Z",47535,2900,5100,19376
"Cantabria",55535,48023,86.5,"2021-02-20T00:00:00.000Z","2021-02-22T00:00:00.000Z",47535,2900,5100,19810
"Cantabria",55535,48935,88.1,"2021-02-22T00:00:00.000Z","2021-02-23T00:00:00.000Z",47535,2900,5100,19854
"Castilla y León",51390,10928,9.4,"2021-01-03T00:00:00.000Z","2021-01-04T00:00:00.000Z","","","",""
"Castilla y León",51390,22103,43,"2021-01-06T00:00:00.000Z","2021-01-07T00:00:00.000Z","","","",""
"Castilla y León",51390,28325,55.1,"2021-01-07T00:00:00.000Z","2021-01-08T00:00:00.000Z","","","",""
"Castilla y León",51390,36205,70.5,"2021-01-10T00:00:00.000Z","2021-01-11T00:00:00.000Z","","","",""
"Castilla y León",51390,41340,80.4,"2021-01-11T00:00:00.000Z","2021-01-12T00:00:00.000Z","","","",""
"Castilla y León",76740,48243,62.9,"2021-01-12T00:00:00.000Z","2021-01-13T00:00:00.000Z","","","",""
"Castilla y León",79240,57969,73,"2021-01-14T00:00:00.000Z","2021-01-14T00:00:00.000Z",76740,2500,"",""
"Castilla y León",79240,59411,75,"2021-01-14T00:00:00.000Z","2021-01-15T00:00:00.000Z",76740,2500,"",""
"Castilla y León",79240,67079,85,"2021-01-17T00:00:00.000Z","2021-01-18T00:00:00.000Z",76740,2500,"",124
"Castilla y León",79240,70885,89.5,"2021-01-18T00:00:00.000Z","2021-01-19T00:00:00.000Z",76740,2500,"",432
"Castilla y León",95815,74350,77.6,"2021-01-19T00:00:00.000Z","2021-01-20T00:00:00.000Z",93315,2500,"",633
"Castilla y León",95815,82162,85.8,"2021-01-20T00:00:00.000Z","2021-01-21T00:00:00.000Z",93315,2500,"",5296
"Castilla y León",95815,86370,90.1,"2021-01-21T00:00:00.000Z","2021-01-22T00:00:00.000Z",93315,2500,"",6060
"Castilla y León",95815,94057,98.2,"2021-01-24T00:00:00.000Z","2021-01-25T00:00:00.000Z",93315,2500,"",9593
"Castilla y León",95815,99536,103.9,"2021-01-25T00:00:00.000Z","2021-01-26T00:00:00.000Z",93315,2500,"",13245
"Castilla y León",123895,104197,84.1,"2021-01-26T00:00:00.000Z","2021-01-27T00:00:00.000Z",121395,2500,"",18756
"Castilla y León",123895,108203,87.3,"2021-01-27T00:00:00.000Z","2021-01-28T00:00:00.000Z",121395,2500,"",19658
"Castilla y León",123895,114743,92.6,"2021-01-28T00:00:00.000Z","2021-01-29T00:00:00.000Z",121395,2500,"",25020
"Castilla y León",123895,124225,100.3,"2021-01-31T00:00:00.000Z","2021-02-01T00:00:00.000Z",121395,2500,"",34446
"Castilla y León",123895,126362,102,"2021-02-01T00:00:00.000Z","2021-02-02T00:00:00.000Z",121395,2500,"",35051
"Castilla y León",155675,132496,85.1,"2021-02-02T00:00:00.000Z","2021-02-03T00:00:00.000Z",149475,6200,"",40565
"Castilla y León",155675,138856,89.2,"2021-02-03T00:00:00.000Z","2021-02-04T00:00:00.000Z",149475,6200,"",45682
"Castilla y León",155675,151008,97,"2021-02-04T00:00:00.000Z","2021-02-05T00:00:00.000Z",149475,6200,"",56665
"Castilla y León",155675,161020,103.4,"2021-02-07T00:00:00.000Z","2021-02-08T00:00:00.000Z",149475,6200,"",62928
"Castilla y León",165475,161781,97.8,"2021-02-08T00:00:00.000Z","2021-02-09T00:00:00.000Z",149475,6200,9800,64568
"Castilla y León",200855,168030,83.7,"2021-02-09T00:00:00.000Z","2021-02-10T00:00:00.000Z",177555,13500,9800,69345
"Castilla y León",200855,172686,86,"2021-02-10T00:00:00.000Z","2021-02-11T00:00:00.000Z",177555,13500,9800,72444
"Castilla y León",200855,178831,89,"2021-02-11T00:00:00.000Z","2021-02-12T00:00:00.000Z",177555,13500,9800,75433
"Castilla y León",200855,186398,92.8,"2021-02-14T00:00:00.000Z","2021-02-15T00:00:00.000Z",177555,13500,9800,78271
"Castilla y León",200855,190381,94.8,"2021-02-15T00:00:00.000Z","2021-02-16T00:00:00.000Z",177555,13500,9800,80091
"Castilla y León",246085,196196,79.7,"2021-02-16T00:00:00.000Z","2021-02-17T00:00:00.000Z",211485,13500,21100,81422
"Castilla y León",246085,202462,82.3,"2021-02-17T00:00:00.000Z","2021-02-18T00:00:00.000Z",211485,13500,21100,83192
"Castilla y León",246085,208907,84.9,"2021-02-18T00:00:00.000Z","2021-02-19T00:00:00.000Z",211485,13500,21100,84052
"Castilla y León",246085,218252,88.7,"2021-02-21T00:00:00.000Z","2021-02-22T00:00:00.000Z",211485,13500,21100,85608
"Castilla y León",246085,223034,90.6,"2021-02-22T00:00:00.000Z","2021-02-23T00:00:00.000Z",211485,13500,21100,86452
"Castilla-La Mancha",35550,1983,5.6,"2021-01-03T00:00:00.000Z","2021-01-04T00:00:00.000Z","","","",""
"Castilla-La Mancha",35550,7666,21.6,"2021-01-06T00:00:00.000Z","2021-01-07T00:00:00.000Z","","","",""
"Castilla-La Mancha",35550,12380,34.8,"2021-01-07T00:00:00.000Z","2021-01-08T00:00:00.000Z","","","",""
"Castilla-La Mancha",35550,19209,54,"2021-01-11T00:00:00.000Z","2021-01-11T00:00:00.000Z","","","",""
"Castilla-La Mancha",35550,23342,65.7,"2021-01-12T00:00:00.000Z","2021-01-12T00:00:00.000Z","","","",""
"Castilla-La Mancha",53100,26879,50.6,"2021-01-13T00:00:00.000Z","2021-01-13T00:00:00.000Z","","","",""
"Castilla-La Mancha",54800,30613,56,"2021-01-14T00:00:00.000Z","2021-01-14T00:00:00.000Z",53100,1700,"",""
"Castilla-La Mancha",54800,33809,62,"2021-01-15T00:00:00.000Z","2021-01-15T00:00:00.000Z",53100,1700,"",""
"Castilla-La Mancha",54800,38321,70,"2021-01-17T00:00:00.000Z","2021-01-18T00:00:00.000Z",53100,1700,"",0
"Castilla-La Mancha",54800,43682,79.7,"2021-01-18T00:00:00.000Z","2021-01-19T00:00:00.000Z",53100,1700,"",189
"Castilla-La Mancha",63575,48755,76.7,"2021-01-19T00:00:00.000Z","2021-01-20T00:00:00.000Z",61875,1700,"",195
"Castilla-La Mancha",63575,53880,84.8,"2021-01-20T00:00:00.000Z","2021-01-21T00:00:00.000Z",61875,1700,"",1202
"Castilla-La Mancha",63575,57031,89.7,"2021-01-21T00:00:00.000Z","2021-01-22T00:00:00.000Z",61875,1700,"",1593
"Castilla-La Mancha",63575,61388,96.6,"2021-01-24T00:00:00.000Z","2021-01-25T00:00:00.000Z",61875,1700,"",2008
"Castilla-La Mancha",63575,64349,101.2,"2021-01-25T00:00:00.000Z","2021-01-26T00:00:00.000Z",61875,1700,"",3623
"Castilla-La Mancha",84635,68522,81,"2021-01-26T00:00:00.000Z","2021-01-27T00:00:00.000Z",82935,1700,"",6982
"Castilla-La Mancha",84635,71484,84.5,"2021-01-27T00:00:00.000Z","2021-01-28T00:00:00.000Z",82935,1700,"",7628
"Castilla-La Mancha",84635,77765,91.9,"2021-01-28T00:00:00.000Z","2021-01-29T00:00:00.000Z",82935,1700,"",12486
"Castilla-La Mancha",84635,84605,100,"2021-01-31T00:00:00.000Z","2021-02-01T00:00:00.000Z",82935,1700,"",17460
"Castilla-La Mancha",84635,88888,105,"2021-02-01T00:00:00.000Z","2021-02-02T00:00:00.000Z",82935,1700,"",21360
"Castilla-La Mancha",105855,92702,87.6,"2021-02-02T00:00:00.000Z","2021-02-03T00:00:00.000Z",101655,4200,"",24525
"Castilla-La Mancha",105855,97353,92,"2021-02-03T00:00:00.000Z","2021-02-04T00:00:00.000Z",101655,4200,"",27691
"Castilla-La Mancha",105855,102033,96.4,"2021-02-04T00:00:00.000Z","2021-02-05T00:00:00.000Z",101655,4200,"",30345
"Castilla-La Mancha",105855,104988,99.2,"2021-02-07T00:00:00.000Z","2021-02-08T00:00:00.000Z",101655,4200,"",32129
"Castilla-La Mancha",114155,106646,93.4,"2021-02-08T00:00:00.000Z","2021-02-09T00:00:00.000Z",101655,4200,8300,33207
"Castilla-La Mancha",137875,109636,79.5,"2021-02-09T00:00:00.000Z","2021-02-10T00:00:00.000Z",120375,9200,8300,35531
"Castilla-La Mancha",137875,113637,82.4,"2021-02-10T00:00:00.000Z","2021-02-11T00:00:00.000Z",120375,9200,8300,38191
"Castilla-La Mancha",137875,117671,85.3,"2021-02-11T00:00:00.000Z","2021-02-12T00:00:00.000Z",120375,9200,8300,41690
"Castilla-La Mancha",137875,125951,91.4,"2021-02-14T00:00:00.000Z","2021-02-15T00:00:00.000Z",120375,9200,8300,49378
"Castilla-La Mancha",137875,129772,94.1,"2021-02-15T00:00:00.000Z","2021-02-16T00:00:00.000Z",120375,9200,8300,52826
"Castilla-La Mancha",170975,132722,77.6,"2021-02-16T00:00:00.000Z","2021-02-17T00:00:00.000Z",143775,9200,18000,55447
"Castilla-La Mancha",170975,137438,80.4,"2021-02-17T00:00:00.000Z","2021-02-18T00:00:00.000Z",143775,9200,18000,58335
"Castilla-La Mancha",170975,140140,82,"2021-02-18T00:00:00.000Z","2021-02-19T00:00:00.000Z",143775,9200,18000,59845
"Castilla-La Mancha",170975,143344,83.8,"2021-02-21T00:00:00.000Z","2021-02-22T00:00:00.000Z",143775,9200,18000,61612
"Castilla-La Mancha",170975,146212,85.5,"2021-02-22T00:00:00.000Z","2021-02-23T00:00:00.000Z",143775,9200,18000,63205
"Cataluña",120545,8150,6.8,"2021-01-03T00:00:00.000Z","2021-01-04T00:00:00.000Z","","","",""
"Cataluña",120545,24515,20.3,"2021-01-06T00:00:00.000Z","2021-01-07T00:00:00.000Z","","","",""
"Cataluña",120545,38826,32.2,"2021-01-07T00:00:00.000Z","2021-01-08T00:00:00.000Z","","","",""
"Cataluña",120545,68405,56.7,"2021-01-10T00:00:00.000Z","2021-01-11T00:00:00.000Z","","","",""
"Cataluña",120545,82785,68.7,"2021-01-10T00:00:00.000Z","2021-01-12T00:00:00.000Z","","","",""
"Cataluña",180020,92133,51.2,"2021-01-12T00:00:00.000Z","2021-01-13T00:00:00.000Z","","","",""
"Cataluña",185820,105587,57,"2021-01-13T00:00:00.000Z","2021-01-14T00:00:00.000Z",180020,5800,"",""
"Cataluña",185820,122577,66,"2021-01-14T00:00:00.000Z","2021-01-15T00:00:00.000Z",180020,5800,"",""
"Cataluña",185820,145073,78,"2021-01-17T00:00:00.000Z","2021-01-18T00:00:00.000Z",180020,5800,"",167
"Cataluña",185820,156627,84.3,"2021-01-18T00:00:00.000Z","2021-01-19T00:00:00.000Z",180020,5800,"",432
"Cataluña",217020,162830,75,"2021-01-19T00:00:00.000Z","2021-01-20T00:00:00.000Z",211220,5800,"",913
"Cataluña",217020,168054,77.4,"2021-01-20T00:00:00.000Z","2021-01-21T00:00:00.000Z",211220,5800,"",2598
"Cataluña",217020,173147,79.8,"2021-01-21T00:00:00.000Z","2021-01-22T00:00:00.000Z",211220,5800,"",4101
"Cataluña",217020,184778,85.1,"2021-01-24T00:00:00.000Z","2021-01-25T00:00:00.000Z",211220,5800,"",7472
"Cataluña",217020,182713,84.2,"2021-01-25T00:00:00.000Z","2021-01-26T00:00:00.000Z",211220,5800,"",9620
"Cataluña",286050,201650,70.5,"2021-01-26T00:00:00.000Z","2021-01-27T00:00:00.000Z",280250,5800,"",18426
"Cataluña",286050,208177,72.8,"2021-01-27T00:00:00.000Z","2021-01-28T00:00:00.000Z",280250,5800,"",23262
"Cataluña",286050,222572,77.8,"2021-01-28T00:00:00.000Z","2021-01-29T00:00:00.000Z",280250,5800,"",35424
"Cataluña",286050,256555,89.7,"2021-01-31T00:00:00.000Z","2021-02-01T00:00:00.000Z",280250,5800,"",60676
"Cataluña",286050,261562,91.4,"2021-02-01T00:00:00.000Z","2021-02-02T00:00:00.000Z",280250,5800,"",69431
"Cataluña",360070,273724,76,"2021-02-02T00:00:00.000Z","2021-02-03T00:00:00.000Z",345770,14300,"",80387
"Cataluña",360070,285829,79.4,"2021-02-03T00:00:00.000Z","2021-02-04T00:00:00.000Z",345770,14300,"",91724
"Cataluña",360070,308695,85.7,"2021-02-04T00:00:00.000Z","2021-02-05T00:00:00.000Z",345770,14300,"",107877
"Cataluña",360070,317222,88.1,"2021-02-07T00:00:00.000Z","2021-02-08T00:00:00.000Z",345770,14300,"",120742
"Cataluña",391870,328789,83.9,"2021-02-08T00:00:00.000Z","2021-02-09T00:00:00.000Z",345770,14300,31800,129651
"Cataluña",473320,340729,72,"2021-02-09T00:00:00.000Z","2021-02-10T00:00:00.000Z",410120,31400,31800,138400
"Cataluña",473320,357875,75.6,"2021-02-10T00:00:00.000Z","2021-02-11T00:00:00.000Z",410120,31400,31800,146079
"Cataluña",473320,376519,79.5,"2021-02-11T00:00:00.000Z","2021-02-12T00:00:00.000Z",410120,31400,31800,152091
"Cataluña",473320,402742,85.1,"2021-02-14T00:00:00.000Z","2021-02-15T00:00:00.000Z",410120,31400,31800,162003
"Cataluña",473320,416165,87.9,"2021-02-15T00:00:00.000Z","2021-02-16T00:00:00.000Z",410120,31400,31800,166104
"Cataluña",589680,427525,72.5,"2021-02-16T00:00:00.000Z","2021-02-17T00:00:00.000Z",489680,31400,68600,168254
"Cataluña",589680,443181,75.2,"2021-02-17T00:00:00.000Z","2021-02-18T00:00:00.000Z",489680,31400,68600,170429
"Cataluña",589680,465569,79,"2021-02-18T00:00:00.000Z","2021-02-19T00:00:00.000Z",489680,31400,68600,176286
"Cataluña",589680,490411,83.2,"2021-02-21T00:00:00.000Z","2021-02-22T00:00:00.000Z",489680,31400,68600,180096
"Cataluña",589680,504270,85.5,"2021-02-22T00:00:00.000Z","2021-02-23T00:00:00.000Z",489680,31400,68600,181835
"Com. Valenciana",61225,3252,5.3,"2021-01-03T00:00:00.000Z","2021-01-04T00:00:00.000Z","","","",""
"Com. Valenciana",61225,11677,19.1,"2021-01-07T00:00:00.000Z","2021-01-07T00:00:00.000Z","","","",""
"Com. Valenciana",61225,15965,26.1,"2021-01-08T00:00:00.000Z","2021-01-08T00:00:00.000Z","","","",""
"Com. Valenciana",61225,45674,74.6,"2021-01-11T00:00:00.000Z","2021-01-11T00:00:00.000Z","","","",""
"Com. Valenciana",61225,57223,93.5,"2021-01-12T00:00:00.000Z","2021-01-12T00:00:00.000Z","","","",""
"Com. Valenciana",91450,70870,77.5,"2021-01-13T00:00:00.000Z","2021-01-13T00:00:00.000Z","","","",""
"Com. Valenciana",94350,80429,85,"2021-01-14T00:00:00.000Z","2021-01-14T00:00:00.000Z",91450,2900,"",""
"Com. Valenciana",94350,86927,92,"2021-01-15T00:00:00.000Z","2021-01-15T00:00:00.000Z",91450,2900,"",""
"Com. Valenciana",94350,93695,99,"2021-01-18T00:00:00.000Z","2021-01-18T00:00:00.000Z",91450,2900,"",152
"Com. Valenciana",94350,95260,101,"2021-01-19T00:00:00.000Z","2021-01-19T00:00:00.000Z",91450,2900,"",588
"Com. Valenciana",111900,99932,89.3,"2021-01-20T00:00:00.000Z","2021-01-20T00:00:00.000Z",109000,2900,"",1737
"Com. Valenciana",111900,101437,90.6,"2021-01-20T00:00:00.000Z","2021-01-21T00:00:00.000Z",109000,2900,"",2956
"Com. Valenciana",111900,103426,92.4,"2021-01-21T00:00:00.000Z","2021-01-22T00:00:00.000Z",109000,2900,"",4139
"Com. Valenciana",111900,104449,93.3,"2021-01-23T00:00:00.000Z","2021-01-25T00:00:00.000Z",109000,2900,"",4532
"Com. Valenciana",111900,105490,94.3,"2021-01-25T00:00:00.000Z","2021-01-26T00:00:00.000Z",109000,2900,"",5393
"Com. Valenciana",145830,108454,74.4,"2021-01-26T00:00:00.000Z","2021-01-27T00:00:00.000Z",142930,2900,"",7304
"Com. Valenciana",145830,109716,75.2,"2021-01-27T00:00:00.000Z","2021-01-28T00:00:00.000Z",142930,2900,"",8948
"Com. Valenciana",145830,112272,77,"2021-01-28T00:00:00.000Z","2021-01-29T00:00:00.000Z",142930,2900,"",11317
"Com. Valenciana",145830,136109,93.3,"2021-01-31T00:00:00.000Z","2021-02-01T00:00:00.000Z",142930,2900,"",33395
"Com. Valenciana",145830,147945,101.5,"2021-02-01T00:00:00.000Z","2021-02-02T00:00:00.000Z",142930,2900,"",44979
"Com. Valenciana",182690,162563,89,"2021-02-02T00:00:00.000Z","2021-02-03T00:00:00.000Z",175690,7000,"",58452
"Com. Valenciana",182690,172754,94.6,"2021-02-03T00:00:00.000Z","2021-02-04T00:00:00.000Z",175690,7000,"",67840
"Com. Valenciana",182690,182225,99.7,"2021-02-04T00:00:00.000Z","2021-02-05T00:00:00.000Z",175690,7000,"",75577
"Com. Valenciana",182690,190902,104.5,"2021-02-07T00:00:00.000Z","2021-02-08T00:00:00.000Z",175690,7000,"",83171
"Com. Valenciana",203290,196489,96.7,"2021-02-08T00:00:00.000Z","2021-02-09T00:00:00.000Z",175690,7000,20600,87353
"Com. Valenciana",243580,201983,82.9,"2021-02-09T00:00:00.000Z","2021-02-10T00:00:00.000Z",207280,15700,20600,89522
"Com. Valenciana",243580,208242,85.5,"2021-02-10T00:00:00.000Z","2021-02-11T00:00:00.000Z",207280,15700,20600,90760
"Com. Valenciana",243580,214010,87.9,"2021-02-11T00:00:00.000Z","2021-02-12T00:00:00.000Z",207280,15700,20600,92433
"Com. Valenciana",243580,219822,90.2,"2021-02-14T00:00:00.000Z","2021-02-15T00:00:00.000Z",207280,15700,20600,94255
"Com. Valenciana",243580,224560,92.2,"2021-02-15T00:00:00.000Z","2021-02-16T00:00:00.000Z",207280,15700,20600,95559
"Com. Valenciana",307260,228180,74.3,"2021-02-16T00:00:00.000Z","2021-02-17T00:00:00.000Z",247060,15700,44500,96040
"Com. Valenciana",307260,233828,76.1,"2021-02-17T00:00:00.000Z","2021-02-18T00:00:00.000Z",247060,15700,44500,96724
"Com. Valenciana",307260,254502,82.8,"2021-02-18T00:00:00.000Z","2021-02-19T00:00:00.000Z",247060,15700,44500,97384
"Com. Valenciana",307260,270007,87.9,"2021-02-21T00:00:00.000Z","2021-02-22T00:00:00.000Z",247060,15700,44500,98606
"Com. Valenciana",307260,273978,89.2,"2021-02-22T00:00:00.000Z","2021-02-23T00:00:00.000Z",247060,15700,44500,99045
"Extremadura",21725,686,3.2,"2021-01-03T00:00:00.000Z","2021-01-04T00:00:00.000Z","","","",""
"Extremadura",21725,3309,15.2,"2021-01-05T00:00:00.000Z","2021-01-07T00:00:00.000Z","","","",""
"Extremadura",21725,4727,21.8,"2021-01-07T00:00:00.000Z","2021-01-08T00:00:00.000Z","","","",""
"Extremadura",21725,9303,42.8,"2021-01-10T00:00:00.000Z","2021-01-11T00:00:00.000Z","","","",""
"Extremadura",21725,11346,52.2,"2021-01-11T00:00:00.000Z","2021-01-12T00:00:00.000Z","","","",""
"Extremadura",32450,14293,44,"2021-01-12T00:00:00.000Z","2021-01-13T00:00:00.000Z","","","",""
"Extremadura",33450,17862,53,"2021-01-13T00:00:00.000Z","2021-01-14T00:00:00.000Z",32450,1000,"",""
"Extremadura",33450,22322,67,"2021-01-14T00:00:00.000Z","2021-01-15T00:00:00.000Z",32450,1000,"",""
"Extremadura",33450,27613,83,"2021-01-17T00:00:00.000Z","2021-01-18T00:00:00.000Z",32450,1000,"",0
"Extremadura",33450,29125,87.1,"2021-01-18T00:00:00.000Z","2021-01-19T00:00:00.000Z",32450,1000,"",254
"Extremadura",40275,30941,76.8,"2021-01-19T00:00:00.000Z","2021-01-20T00:00:00.000Z",39275,1000,"",254
"Extremadura",40275,32039,79.6,"2021-01-20T00:00:00.000Z","2021-01-21T00:00:00.000Z",39275,1000,"",638
"Extremadura",40275,32979,81.9,"2021-01-21T00:00:00.000Z","2021-01-22T00:00:00.000Z",39275,1000,"",638
"Extremadura",40275,33125,82.2,"2021-01-23T00:00:00.000Z","2021-01-25T00:00:00.000Z",39275,1000,"",638
"Extremadura",40275,35441,88,"2021-01-25T00:00:00.000Z","2021-01-26T00:00:00.000Z",39275,1000,"",1721
"Extremadura",51975,37790,72.7,"2021-01-26T00:00:00.000Z","2021-01-27T00:00:00.000Z",50975,1000,"",3134
"Extremadura",51975,39821,76.6,"2021-01-27T00:00:00.000Z","2021-01-28T00:00:00.000Z",50975,1000,"",3135
"Extremadura",51975,41961,80.7,"2021-01-28T00:00:00.000Z","2021-01-29T00:00:00.000Z",50975,1000,"",4460
"Extremadura",51975,47342,91.1,"2021-01-31T00:00:00.000Z","2021-02-01T00:00:00.000Z",50975,1000,"",8646
"Extremadura",51975,49703,95.6,"2021-02-01T00:00:00.000Z","2021-02-02T00:00:00.000Z",50975,1000,"",10776
"Extremadura",65175,52880,81.1,"2021-02-02T00:00:00.000Z","2021-02-03T00:00:00.000Z",62675,2500,"",13202
"Extremadura",65175,56839,87.2,"2021-02-03T00:00:00.000Z","2021-02-04T00:00:00.000Z",62675,2500,"",16996
"Extremadura",65175,61952,95.1,"2021-02-04T00:00:00.000Z","2021-02-05T00:00:00.000Z",62675,2500,"",21662
"Extremadura",65175,68006,104.3,"2021-02-07T00:00:00.000Z","2021-02-08T00:00:00.000Z",62675,2500,"",26605
"Extremadura",69475,69271,99.7,"2021-02-08T00:00:00.000Z","2021-02-09T00:00:00.000Z",62675,2500,4300,27390
"Extremadura",84075,71334,84.8,"2021-02-09T00:00:00.000Z","2021-02-10T00:00:00.000Z",74375,5400,4300,28790
"Extremadura",84075,73439,87.3,"2021-02-10T00:00:00.000Z","2021-02-11T00:00:00.000Z",74375,5400,4300,29776
"Extremadura",84075,75603,89.9,"2021-02-11T00:00:00.000Z","2021-02-12T00:00:00.000Z",74375,5400,4300,30501
"Extremadura",84075,78038,92.8,"2021-02-14T00:00:00.000Z","2021-02-15T00:00:00.000Z",74375,5400,4300,31116
"Extremadura",84075,80044,95.2,"2021-02-15T00:00:00.000Z","2021-02-16T00:00:00.000Z",74375,5400,4300,32353
"Extremadura",103115,82086,79.6,"2021-02-16T00:00:00.000Z","2021-02-17T00:00:00.000Z",88415,5400,9300,33415
"Extremadura",103115,85553,83,"2021-02-17T00:00:00.000Z","2021-02-18T00:00:00.000Z",88415,5400,9300,35477
"Extremadura",103115,89067,86.4,"2021-02-18T00:00:00.000Z","2021-02-19T00:00:00.000Z",88415,5400,9300,36485
"Extremadura",103115,92842,90,"2021-02-21T00:00:00.000Z","2021-02-22T00:00:00.000Z",88415,5400,9300,37889
"Extremadura",103115,94462,91.6,"2021-02-22T00:00:00.000Z","2021-02-23T00:00:00.000Z",88415,5400,9300,38029
"Galicia",37555,9124,24.3,"2021-01-02T00:00:00.000Z","2021-01-04T00:00:00.000Z","","","",""
"Galicia",37555,20265,54,"2021-01-07T00:00:00.000Z","2021-01-07T00:00:00.000Z","","","",""
"Galicia",37555,24750,65.9,"2021-01-08T00:00:00.000Z","2021-01-08T00:00:00.000Z","","","",""
"Galicia",37555,30418,81,"2021-01-11T00:00:00.000Z","2021-01-11T00:00:00.000Z","","","",""
"Galicia",37555,33346,88.8,"2021-01-12T00:00:00.000Z","2021-01-12T00:00:00.000Z","","","",""
"Galicia",56080,37745,67.3,"2021-01-13T00:00:00.000Z","2021-01-13T00:00:00.000Z","","","",""
"Galicia",57880,44014,76,"2021-01-14T00:00:00.000Z","2021-01-14T00:00:00.000Z",56080,1800,"",""
"Galicia",57880,49768,86,"2021-01-15T00:00:00.000Z","2021-01-15T00:00:00.000Z",56080,1800,"",""
"Galicia",57880,56481,98,"2021-01-18T00:00:00.000Z","2021-01-18T00:00:00.000Z",56080,1800,"",150
"Galicia",57880,57871,100,"2021-01-19T00:00:00.000Z","2021-01-19T00:00:00.000Z",56080,1800,"",1191
"Galicia",68605,59104,86.2,"2021-01-19T00:00:00.000Z","2021-01-20T00:00:00.000Z",66805,1800,"",1197
"Galicia",68605,62011,90.4,"2021-01-20T00:00:00.000Z","2021-01-21T00:00:00.000Z",66805,1800,"",3861
"Galicia",68605,65394,95.3,"2021-01-21T00:00:00.000Z","2021-01-22T00:00:00.000Z",66805,1800,"",7204
"Galicia",68605,66873,97.5,"2021-01-23T00:00:00.000Z","2021-01-25T00:00:00.000Z",66805,1800,"",8602
"Galicia",68605,70384,102.6,"2021-01-25T00:00:00.000Z","2021-01-26T00:00:00.000Z",66805,1800,"",12042
"Galicia",89665,72676,81.1,"2021-01-26T00:00:00.000Z","2021-01-27T00:00:00.000Z",87865,1800,"",14235
"Galicia",89665,74278,82.8,"2021-01-27T00:00:00.000Z","2021-01-28T00:00:00.000Z",87865,1800,"",15827
"Galicia",89665,78772,87.9,"2021-01-28T00:00:00.000Z","2021-01-29T00:00:00.000Z",87865,1800,"",20268
"Galicia",89665,85718,95.6,"2021-01-31T00:00:00.000Z","2021-02-01T00:00:00.000Z",87865,1800,"",27098
"Galicia",89665,87736,97.8,"2021-02-01T00:00:00.000Z","2021-02-02T00:00:00.000Z",87865,1800,"",29065
"Galicia",113425,90643,79.9,"2021-02-02T00:00:00.000Z","2021-02-03T00:00:00.000Z",108925,4500,"",31725
"Galicia",113425,96650,85.2,"2021-02-03T00:00:00.000Z","2021-02-04T00:00:00.000Z",108925,4500,"",37572
"Galicia",113425,96947,85.5,"2021-02-04T00:00:00.000Z","2021-02-05T00:00:00.000Z",108925,4500,"",37720
"Galicia",113425,110996,97.9,"2021-02-07T00:00:00.000Z","2021-02-08T00:00:00.000Z",108925,4500,"",51424
"Galicia",124425,114111,91.7,"2021-02-08T00:00:00.000Z","2021-02-09T00:00:00.000Z",108925,4500,11000,54504
"Galicia",149615,114462,76.5,"2021-02-09T00:00:00.000Z","2021-02-10T00:00:00.000Z",128815,9800,11000,54604
"Galicia",149615,117783,78.7,"2021-02-10T00:00:00.000Z","2021-02-11T00:00:00.000Z",128815,9800,11000,55082
"Galicia",149615,124733,83.4,"2021-02-11T00:00:00.000Z","2021-02-12T00:00:00.000Z",128815,9800,11000,55187
"Galicia",149615,134518,89.9,"2021-02-14T00:00:00.000Z","2021-02-15T00:00:00.000Z",128815,9800,11000,55343
"Galicia",149615,137656,92,"2021-02-15T00:00:00.000Z","2021-02-16T00:00:00.000Z",128815,9800,11000,57383
"Galicia",186985,138601,74.1,"2021-02-16T00:00:00.000Z","2021-02-17T00:00:00.000Z",153385,9800,23800,57397
"Galicia",186985,142844,76.4,"2021-02-17T00:00:00.000Z","2021-02-18T00:00:00.000Z",153385,9800,23800,57531
"Galicia",186985,149893,80.2,"2021-02-18T00:00:00.000Z","2021-02-19T00:00:00.000Z",153385,9800,23800,57611
"Galicia",186985,163143,87.2,"2021-02-21T00:00:00.000Z","2021-02-22T00:00:00.000Z",153385,9800,23800,57862
"Galicia",186985,170544,91.2,"2021-02-22T00:00:00.000Z","2021-02-23T00:00:00.000Z",153385,9800,23800,58052
"La Rioja",5915,324,5.5,"2020-12-31T00:00:00.000Z","2021-01-04T00:00:00.000Z","","","",""
"La Rioja",5915,858,14.5,"2021-01-06T00:00:00.000Z","2021-01-07T00:00:00.000Z","","","",""
"La Rioja",5915,1674,28.3,"2021-01-08T00:00:00.000Z","2021-01-08T00:00:00.000Z","","","",""
"La Rioja",5915,3457,58.4,"2021-01-11T00:00:00.000Z","2021-01-11T00:00:00.000Z","","","",""
"La Rioja",5915,3826,64.7,"2021-01-11T00:00:00.000Z","2021-01-12T00:00:00.000Z","","","",""
"La Rioja",8840,4651,52.6,"2021-01-12T00:00:00.000Z","2021-01-13T00:00:00.000Z","","","",""
"La Rioja",9040,5385,60,"2021-01-13T00:00:00.000Z","2021-01-14T00:00:00.000Z",8840,200,"",""
"La Rioja",9040,5953,66,"2021-01-14T00:00:00.000Z","2021-01-15T00:00:00.000Z",8840,200,"",""
"La Rioja",9040,7761,86,"2021-01-15T00:00:00.000Z","2021-01-18T00:00:00.000Z",8840,200,"",0
"La Rioja",9040,8049,89,"2021-01-18T00:00:00.000Z","2021-01-19T00:00:00.000Z",8840,200,"",44
"La Rioja",11965,8335,69.7,"2021-01-19T00:00:00.000Z","2021-01-20T00:00:00.000Z",11765,200,"",44
"La Rioja",11965,8684,72.6,"2021-01-21T00:00:00.000Z","2021-01-21T00:00:00.000Z",11765,200,"",267
"La Rioja",11965,8967,74.9,"2021-01-21T00:00:00.000Z","2021-01-22T00:00:00.000Z",11765,200,"",317
"La Rioja",11965,9166,76.6,"2021-01-22T00:00:00.000Z","2021-01-25T00:00:00.000Z",11765,200,"",317
"La Rioja",11965,9387,78.5,"2021-01-25T00:00:00.000Z","2021-01-26T00:00:00.000Z",11765,200,"",455
"La Rioja",14305,9618,67.2,"2021-01-26T00:00:00.000Z","2021-01-27T00:00:00.000Z",14105,200,"",684
"La Rioja",14305,10283,71.9,"2021-01-27T00:00:00.000Z","2021-01-28T00:00:00.000Z",14105,200,"",1084
"La Rioja",14305,10820,75.6,"2021-01-28T00:00:00.000Z","2021-01-29T00:00:00.000Z",14105,200,"",1592
"La Rioja",14305,11790,82.4,"2021-01-31T00:00:00.000Z","2021-02-01T00:00:00.000Z",14105,200,"",2490
"La Rioja",14305,13215,92.4,"2021-02-01T00:00:00.000Z","2021-02-02T00:00:00.000Z",14105,200,"",3478
"La Rioja",18215,14118,77.5,"2021-02-02T00:00:00.000Z","2021-02-03T00:00:00.000Z",17615,600,"",4301
"La Rioja",18215,15374,84.4,"2021-02-03T00:00:00.000Z","2021-02-04T00:00:00.000Z",17615,600,"",5433
"La Rioja",18215,16622,91.3,"2021-02-04T00:00:00.000Z","2021-02-05T00:00:00.000Z",17615,600,"",6521
"La Rioja",18215,17803,97.7,"2021-02-07T00:00:00.000Z","2021-02-08T00:00:00.000Z",17615,600,"",7561
"La Rioja",19515,18324,93.9,"2021-02-08T00:00:00.000Z","2021-02-09T00:00:00.000Z",17615,600,1300,7777
"La Rioja",22655,18970,83.7,"2021-02-09T00:00:00.000Z","2021-02-10T00:00:00.000Z",19955,1400,1300,7997
"La Rioja",22655,19428,85.8,"2021-02-10T00:00:00.000Z","2021-02-11T00:00:00.000Z",19955,1400,1300,8129
"La Rioja",22655,19968,88.1,"2021-02-11T00:00:00.000Z","2021-02-12T00:00:00.000Z",19955,1400,1300,8365
"La Rioja",22655,21095,93.1,"2021-02-13T00:00:00.000Z","2021-02-15T00:00:00.000Z",19955,1400,1300,8449
"La Rioja",22655,21676,95.7,"2021-02-15T00:00:00.000Z","2021-02-16T00:00:00.000Z",19955,1400,1300,8523
"La Rioja",27665,22032,79.6,"2021-02-16T00:00:00.000Z","2021-02-17T00:00:00.000Z",23465,1400,2800,8529
"La Rioja",27665,22749,82.2,"2021-02-17T00:00:00.000Z","2021-02-18T00:00:00.000Z",23465,1400,2800,8812
"La Rioja",27665,23349,84.4,"2021-02-18T00:00:00.000Z","2021-02-19T00:00:00.000Z",23465,1400,2800,8848
"La Rioja",27665,24189,87.4,"2021-02-19T00:00:00.000Z","2021-02-22T00:00:00.000Z",23465,1400,2800,9112
"La Rioja",27665,24905,90,"2021-02-22T00:00:00.000Z","2021-02-23T00:00:00.000Z",23465,1400,2800,9193
"Madrid",89040,2883,3.2,"2021-01-03T00:00:00.000Z","2021-01-04T00:00:00.000Z","","","",""
"Madrid",98790,11337,11.5,"2021-01-07T00:00:00.000Z","2021-01-07T00:00:00.000Z","","","",""
"Madrid",98790,14152,14.3,"2021-01-08T00:00:00.000Z","2021-01-08T00:00:00.000Z","","","",""
"Madrid",98790,24897,25.2,"2021-01-11T00:00:00.000Z","2021-01-11T00:00:00.000Z","","","",""
"Madrid",98790,35949,36.4,"2021-01-12T00:00:00.000Z","2021-01-12T00:00:00.000Z","","","",""
"Madrid",147540,49228,33.4,"2021-01-13T00:00:00.000Z","2021-01-13T00:00:00.000Z","","","",""
"Madrid",152240,63385,42,"2021-01-14T00:00:00.000Z","2021-01-14T00:00:00.000Z",147540,4700,"",""
"Madrid",152240,77921,51,"2021-01-15T00:00:00.000Z","2021-01-15T00:00:00.000Z",147540,4700,"",""
"Madrid",152240,104490,69,"2021-01-18T00:00:00.000Z","2021-01-18T00:00:00.000Z",147540,4700,"",476
"Madrid",152240,120168,78.9,"2021-01-19T00:00:00.000Z","2021-01-19T00:00:00.000Z",147540,4700,"",719
"Madrid",176615,129194,73.2,"2021-01-19T00:00:00.000Z","2021-01-20T00:00:00.000Z",171915,4700,"",812
"Madrid",176615,142765,80.8,"2021-01-20T00:00:00.000Z","2021-01-21T00:00:00.000Z",171915,4700,"",1738
"Madrid",176615,154778,87.6,"2021-01-21T00:00:00.000Z","2021-01-22T00:00:00.000Z",171915,4700,"",2263
"Madrid",176615,165514,93.7,"2021-01-24T00:00:00.000Z","2021-01-25T00:00:00.000Z",171915,4700,"",2634
"Madrid",176615,169501,96,"2021-01-25T00:00:00.000Z","2021-01-26T00:00:00.000Z",171915,4700,"",4073
"Madrid",232775,174094,74.8,"2021-01-26T00:00:00.000Z","2021-01-27T00:00:00.000Z",228075,4700,"",5611
"Madrid",232775,177972,76.5,"2021-01-27T00:00:00.000Z","2021-01-28T00:00:00.000Z",228075,4700,"",6987
"Madrid",232775,183458,78.8,"2021-01-28T00:00:00.000Z","2021-01-29T00:00:00.000Z",228075,4700,"",10595
"Madrid",232775,190943,82,"2021-01-31T00:00:00.000Z","2021-02-01T00:00:00.000Z",228075,4700,"",15837
"Madrid",232775,199495,85.7,"2021-02-01T00:00:00.000Z","2021-02-02T00:00:00.000Z",228075,4700,"",24312
"Madrid",292325,211857,72.5,"2021-02-02T00:00:00.000Z","2021-02-03T00:00:00.000Z",280725,11600,"",35902
"Madrid",292325,226074,77.3,"2021-02-03T00:00:00.000Z","2021-02-04T00:00:00.000Z",280725,11600,"",49470
"Madrid",292325,246003,84.2,"2021-02-04T00:00:00.000Z","2021-02-05T00:00:00.000Z",280725,11600,"",67334
"Madrid",292325,266831,91.3,"2021-02-07T00:00:00.000Z","2021-02-08T00:00:00.000Z",280725,11600,"",86645
"Madrid",320025,282690,88.3,"2021-02-08T00:00:00.000Z","2021-02-09T00:00:00.000Z",280725,11600,27700,102204
"Madrid",386475,294615,76.2,"2021-02-09T00:00:00.000Z","2021-02-10T00:00:00.000Z",333375,25400,27700,115535
"Madrid",386475,308047,79.7,"2021-02-10T00:00:00.000Z","2021-02-11T00:00:00.000Z",333375,25400,27700,128570
"Madrid",386475,319144,82.6,"2021-02-11T00:00:00.000Z","2021-02-12T00:00:00.000Z",333375,25400,27700,139553
"Madrid",386475,338333,87.5,"2021-02-14T00:00:00.000Z","2021-02-15T00:00:00.000Z",333375,25400,27700,152696
"Madrid",386475,346408,89.6,"2021-02-15T00:00:00.000Z","2021-02-16T00:00:00.000Z",333375,25400,27700,156682
"Madrid",484095,354258,73.2,"2021-02-16T00:00:00.000Z","2021-02-17T00:00:00.000Z",398895,25400,59800,160202
"Madrid",484095,364384,75.3,"2021-02-17T00:00:00.000Z","2021-02-18T00:00:00.000Z",398895,25400,59800,163768
"Madrid",484095,372775,77,"2021-02-18T00:00:00.000Z","2021-02-19T00:00:00.000Z",398895,25400,59800,166475
"Madrid",484095,378839,78.3,"2021-02-21T00:00:00.000Z","2021-02-22T00:00:00.000Z",398895,25400,59800,168697
"Madrid",484095,382180,78.9,"2021-02-22T00:00:00.000Z","2021-02-23T00:00:00.000Z",398895,25400,59800,169765
"Murcia",25685,442,1.7,"2021-01-04T00:00:00.000Z","2021-01-04T00:00:00.000Z","","","",""
"Murcia",25685,7287,28.4,"2021-01-07T00:00:00.000Z","2021-01-07T00:00:00.000Z","","","",""
"Murcia",25685,8958,34.9,"2021-01-08T00:00:00.000Z","2021-01-08T00:00:00.000Z","","","",""
"Murcia",25685,10361,40.3,"2021-01-11T00:00:00.000Z","2021-01-11T00:00:00.000Z","","","",""
"Murcia",25685,16191,63,"2021-01-12T00:00:00.000Z","2021-01-12T00:00:00.000Z","","","",""
"Murcia",38360,19905,51.9,"2021-01-13T00:00:00.000Z","2021-01-13T00:00:00.000Z","","","",""
"Murcia",39560,21739,55,"2021-01-14T00:00:00.000Z","2021-01-14T00:00:00.000Z",38360,1200,"",""
"Murcia",39560,27001,68,"2021-01-15T00:00:00.000Z","2021-01-15T00:00:00.000Z",38360,1200,"",""
"Murcia",39560,34103,86,"2021-01-18T00:00:00.000Z","2021-01-18T00:00:00.000Z",38360,1200,"",0
"Murcia",39560,36730,92.8,"2021-01-19T00:00:00.000Z","2021-01-19T00:00:00.000Z",38360,1200,"",934
"Murcia",46385,39142,84.4,"2021-01-20T00:00:00.000Z","2021-01-20T00:00:00.000Z",45185,1200,"",1522
"Murcia",46385,40757,87.9,"2021-01-21T00:00:00.000Z","2021-01-21T00:00:00.000Z",45185,1200,"",1784
"Murcia",46385,42261,91.1,"2021-01-22T00:00:00.000Z","2021-01-22T00:00:00.000Z",45185,1200,"",2086
"Murcia",46385,46444,100.1,"2021-01-24T00:00:00.000Z","2021-01-25T00:00:00.000Z",45185,1200,"",4447
"Murcia",46385,48652,104.9,"2021-01-25T00:00:00.000Z","2021-01-26T00:00:00.000Z",45185,1200,"",5829
"Murcia",60425,50957,84.3,"2021-01-26T00:00:00.000Z","2021-01-27T00:00:00.000Z",59225,1200,"",7453
"Murcia",60425,53447,88.5,"2021-01-27T00:00:00.000Z","2021-01-28T00:00:00.000Z",59225,1200,"",8713
"Murcia",60425,55082,91.2,"2021-01-28T00:00:00.000Z","2021-01-29T00:00:00.000Z",59225,1200,"",9264
"Murcia",60425,58737,97.2,"2021-01-31T00:00:00.000Z","2021-02-01T00:00:00.000Z",59225,1200,"",11293
"Murcia",60425,60731,100.5,"2021-02-01T00:00:00.000Z","2021-02-02T00:00:00.000Z",59225,1200,"",12580
"Murcia",76265,63008,82.6,"2021-02-02T00:00:00.000Z","2021-02-03T00:00:00.000Z",73265,3000,"",14117
"Murcia",76265,66361,87,"2021-02-03T00:00:00.000Z","2021-02-04T00:00:00.000Z",73265,3000,"",16462
"Murcia",76265,72359,94.9,"2021-02-04T00:00:00.000Z","2021-02-05T00:00:00.000Z",73265,3000,"",20388
"Murcia",76265,75792,99.4,"2021-02-07T00:00:00.000Z","2021-02-08T00:00:00.000Z",73265,3000,"",24312
"Murcia",82465,77602,94.1,"2021-02-08T00:00:00.000Z","2021-02-09T00:00:00.000Z",73265,3000,6200,25944
"Murcia",100105,78988,78.9,"2021-02-09T00:00:00.000Z","2021-02-10T00:00:00.000Z",87305,6600,6200,27799
"Murcia",100105,81470,81.4,"2021-02-10T00:00:00.000Z","2021-02-11T00:00:00.000Z",87305,6600,6200,29721
"Murcia",100105,84111,84,"2021-02-11T00:00:00.000Z","2021-02-12T00:00:00.000Z",87305,6600,6200,32249
"Murcia",100105,90378,90.3,"2021-02-14T00:00:00.000Z","2021-02-15T00:00:00.000Z",87305,6600,6200,37453
"Murcia",100105,92527,92.4,"2021-02-15T00:00:00.000Z","2021-02-16T00:00:00.000Z",87305,6600,6200,38970
"Murcia",123585,93705,75.8,"2021-02-16T00:00:00.000Z","2021-02-17T00:00:00.000Z",103685,6600,13300,39879
"Murcia",123585,96682,78.2,"2021-02-17T00:00:00.000Z","2021-02-18T00:00:00.000Z",103685,6600,13300,42022
"Murcia",123585,99781,80.7,"2021-02-18T00:00:00.000Z","2021-02-19T00:00:00.000Z",103685,6600,13300,43159
"Murcia",123585,106418,86.1,"2021-02-21T00:00:00.000Z","2021-02-22T00:00:00.000Z",103685,6600,13300,45646
"Murcia",123585,108290,87.6,"2021-02-22T00:00:00.000Z","2021-02-23T00:00:00.000Z",103685,6600,13300,46777
"Navarra",6975,1583,22.7,"2021-01-04T00:00:00.000Z","2021-01-04T00:00:00.000Z","","","",""
"Navarra",11850,2960,25,"2021-01-06T00:00:00.000Z","2021-01-07T00:00:00.000Z","","","",""
"Navarra",11850,3703,31.2,"2021-01-07T00:00:00.000Z","2021-01-08T00:00:00.000Z","","","",""
"Navarra",11850,5468,46.1,"2021-01-10T00:00:00.000Z","2021-01-11T00:00:00.000Z","","","",""
"Navarra",11850,6557,55.3,"2021-01-11T00:00:00.000Z","2021-01-12T00:00:00.000Z","","","",""
"Navarra",17700,7420,41.9,"2021-01-12T00:00:00.000Z","2021-01-13T00:00:00.000Z","","","",""
"Navarra",18200,8314,46,"2021-01-13T00:00:00.000Z","2021-01-14T00:00:00.000Z",17700,500,"",""
"Navarra",18200,9305,51,"2021-01-14T00:00:00.000Z","2021-01-15T00:00:00.000Z",17700,500,"",""
"Navarra",18200,11834,65,"2021-01-17T00:00:00.000Z","2021-01-18T00:00:00.000Z",17700,500,"",0
"Navarra",18200,12991,71.4,"2021-01-18T00:00:00.000Z","2021-01-19T00:00:00.000Z",17700,500,"",299
"Navarra",21125,14559,68.9,"2021-01-19T00:00:00.000Z","2021-01-20T00:00:00.000Z",20625,500,"",503
"Navarra",21125,15754,74.6,"2021-01-20T00:00:00.000Z","2021-01-21T00:00:00.000Z",20625,500,"",767
"Navarra",21125,16310,77.2,"2021-01-21T00:00:00.000Z","2021-01-22T00:00:00.000Z",20625,500,"",807
"Navarra",21125,17053,80.7,"2021-01-22T00:00:00.000Z","2021-01-25T00:00:00.000Z",20625,500,"",809
"Navarra",21125,18703,88.5,"2021-01-25T00:00:00.000Z","2021-01-26T00:00:00.000Z",20625,500,"",1757
"Navarra",28145,20057,71.3,"2021-01-26T00:00:00.000Z","2021-01-27T00:00:00.000Z",27645,500,"",2541
"Navarra",28145,21007,74.6,"2021-01-27T00:00:00.000Z","2021-01-28T00:00:00.000Z",27645,500,"",2797
"Navarra",28145,22430,79.7,"2021-01-28T00:00:00.000Z","2021-01-29T00:00:00.000Z",27645,500,"",3535
"Navarra",28145,25116,89.2,"2021-01-31T00:00:00.000Z","2021-02-01T00:00:00.000Z",27645,500,"",5281
"Navarra",28145,26779,95.1,"2021-02-01T00:00:00.000Z","2021-02-02T00:00:00.000Z",27645,500,"",6320
"Navarra",34795,28199,81,"2021-02-02T00:00:00.000Z","2021-02-03T00:00:00.000Z",33495,1300,"",7148
"Navarra",34795,29954,86.1,"2021-02-03T00:00:00.000Z","2021-02-04T00:00:00.000Z",33495,1300,"",8008
"Navarra",34795,31446,90.4,"2021-02-04T00:00:00.000Z","2021-02-05T00:00:00.000Z",33495,1300,"",9016
"Navarra",34795,34273,98.5,"2021-02-07T00:00:00.000Z","2021-02-08T00:00:00.000Z",33495,1300,"",11439
"Navarra",37495,35585,94.9,"2021-02-08T00:00:00.000Z","2021-02-09T00:00:00.000Z",33495,1300,2700,12509
"Navarra",44945,36677,81.6,"2021-02-09T00:00:00.000Z","2021-02-10T00:00:00.000Z",39345,2900,2700,13286
"Navarra",44945,38016,84.6,"2021-02-10T00:00:00.000Z","2021-02-11T00:00:00.000Z",39345,2900,2700,14003
"Navarra",44945,39196,87.2,"2021-02-11T00:00:00.000Z","2021-02-12T00:00:00.000Z",39345,2900,2700,14536
"Navarra",44945,40295,89.7,"2021-02-12T00:00:00.000Z","2021-02-15T00:00:00.000Z",39345,2900,2700,15344
"Navarra",44945,41235,91.7,"2021-02-15T00:00:00.000Z","2021-02-16T00:00:00.000Z",39345,2900,2700,16062
"Navarra",55065,42492,77.2,"2021-02-16T00:00:00.000Z","2021-02-17T00:00:00.000Z",46365,2900,5800,16873
"Navarra",55065,43893,79.7,"2021-02-17T00:00:00.000Z","2021-02-18T00:00:00.000Z",46365,2900,5800,17700
"Navarra",55065,45364,82.4,"2021-02-18T00:00:00.000Z","2021-02-19T00:00:00.000Z",46365,2900,5800,18445
"Navarra",55065,47557,86.4,"2021-02-21T00:00:00.000Z","2021-02-22T00:00:00.000Z",46365,2900,5800,19341
"Navarra",55065,51816,94.1,"2021-02-22T00:00:00.000Z","2021-02-23T00:00:00.000Z",46365,2900,5800,20090
"País Vasco",31605,396,1.3,"2021-01-02T00:00:00.000Z","2021-01-04T00:00:00.000Z","","","",""
"País Vasco",31605,7734,24.5,"2021-01-06T00:00:00.000Z","2021-01-07T00:00:00.000Z","","","",""
"País Vasco",31605,9811,31,"2021-01-07T00:00:00.000Z","2021-01-08T00:00:00.000Z","","","",""
"País Vasco",31605,13103,41.5,"2021-01-10T00:00:00.000Z","2021-01-11T00:00:00.000Z","","","",""
"País Vasco",31605,15393,48.7,"2021-01-11T00:00:00.000Z","2021-01-12T00:00:00.000Z","","","",""
"País Vasco",47205,17771,37.6,"2021-01-12T00:00:00.000Z","2021-01-13T00:00:00.000Z","","","",""
"País Vasco",48605,20003,41,"2021-01-13T00:00:00.000Z","2021-01-14T00:00:00.000Z",47205,1400,"",""
"País Vasco",48605,22464,46,"2021-01-14T00:00:00.000Z","2021-01-15T00:00:00.000Z",47205,1400,"",""
"País Vasco",48605,25526,53,"2021-01-17T00:00:00.000Z","2021-01-18T00:00:00.000Z",47205,1400,"",0
"País Vasco",48605,28069,57.7,"2021-01-18T00:00:00.000Z","2021-01-19T00:00:00.000Z",47205,1400,"",390
"País Vasco",57380,33523,58.4,"2021-01-19T00:00:00.000Z","2021-01-20T00:00:00.000Z",55980,1400,"",390
"País Vasco",57380,36864,64.2,"2021-01-20T00:00:00.000Z","2021-01-21T00:00:00.000Z",55980,1400,"",1333
"País Vasco",57380,41474,72.3,"2021-01-21T00:00:00.000Z","2021-01-22T00:00:00.000Z",55980,1400,"",3044
"País Vasco",57380,46124,80.4,"2021-01-23T00:00:00.000Z","2021-01-25T00:00:00.000Z",55980,1400,"",3355
"País Vasco",57380,48927,85.3,"2021-01-25T00:00:00.000Z","2021-01-26T00:00:00.000Z",55980,1400,"",5159
"País Vasco",76100,50850,66.8,"2021-01-26T00:00:00.000Z","2021-01-27T00:00:00.000Z",74700,1400,"",6637
"País Vasco",76100,51436,67.6,"2021-01-27T00:00:00.000Z","2021-01-28T00:00:00.000Z",74700,1400,"",6906
"País Vasco",76100,53839,70.7,"2021-01-28T00:00:00.000Z","2021-01-29T00:00:00.000Z",74700,1400,"",9052
"País Vasco",76100,57262,75.2,"2021-01-31T00:00:00.000Z","2021-02-01T00:00:00.000Z",74700,1400,"",12277
"País Vasco",76100,59582,78.3,"2021-02-01T00:00:00.000Z","2021-02-02T00:00:00.000Z",74700,1400,"",14059
"País Vasco",94680,62679,66.2,"2021-02-02T00:00:00.000Z","2021-02-03T00:00:00.000Z",91080,3600,"",16621
"País Vasco",94680,65194,68.9,"2021-02-03T00:00:00.000Z","2021-02-04T00:00:00.000Z",91080,3600,"",18773
"País Vasco",94680,68359,72.2,"2021-02-04T00:00:00.000Z","2021-02-05T00:00:00.000Z",91080,3600,"",21112
"País Vasco",94680,72979,77.1,"2021-02-07T00:00:00.000Z","2021-02-08T00:00:00.000Z",91080,3600,"",24002
"País Vasco",103780,75634,72.9,"2021-02-08T00:00:00.000Z","2021-02-09T00:00:00.000Z",91080,3600,9100,26299
"País Vasco",124460,75634,60.8,"2021-02-09T00:00:00.000Z","2021-02-10T00:00:00.000Z",107460,7900,9100,26299
"País Vasco",124460,84459,67.9,"2021-02-10T00:00:00.000Z","2021-02-11T00:00:00.000Z",107460,7900,9100,32897
"País Vasco",124460,89883,72.2,"2021-02-11T00:00:00.000Z","2021-02-12T00:00:00.000Z",107460,7900,9100,36125
"País Vasco",124460,97787,78.6,"2021-02-14T00:00:00.000Z","2021-02-15T00:00:00.000Z",107460,7900,9100,41483
"País Vasco",124460,98289,79,"2021-02-14T00:00:00.000Z","2021-02-16T00:00:00.000Z",107460,7900,9100,41758
"País Vasco",154850,101147,65.3,"2021-02-16T00:00:00.000Z","2021-02-17T00:00:00.000Z",127350,7900,19600,43281
"País Vasco",154850,104091,67.2,"2021-02-17T00:00:00.000Z","2021-02-18T00:00:00.000Z",127350,7900,19600,43642
"País Vasco",154850,107391,69.4,"2021-02-18T00:00:00.000Z","2021-02-19T00:00:00.000Z",127350,7900,19600,43919
"País Vasco",154850,112681,72.8,"2021-02-21T00:00:00.000Z","2021-02-22T00:00:00.000Z",127350,7900,19600,44558
"País Vasco",154850,114568,74,"2021-02-22T00:00:00.000Z","2021-02-23T00:00:00.000Z",127350,7900,19600,44902
"Ceuta",1005,380,37.8,"2020-12-31T00:00:00.000Z","2021-01-04T00:00:00.000Z","","","",""
"Ceuta",1005,576,57.3,"2021-01-05T00:00:00.000Z","2021-01-07T00:00:00.000Z","","","",""
"Ceuta",1005,637,63.4,"2021-01-07T00:00:00.000Z","2021-01-08T00:00:00.000Z","","","",""
"Ceuta",1005,698,69.5,"2021-01-08T00:00:00.000Z","2021-01-11T00:00:00.000Z","","","",""
"Ceuta",1005,758,75.4,"2021-01-11T00:00:00.000Z","2021-01-12T00:00:00.000Z","","","",""
"Ceuta",1005,820,81.6,"2021-01-12T00:00:00.000Z","2021-01-13T00:00:00.000Z","","","",""
"Ceuta",1205,911,76,"2021-01-13T00:00:00.000Z","2021-01-14T00:00:00.000Z",1005,200,"",""
"Ceuta",1205,941,78,"2021-01-14T00:00:00.000Z","2021-01-15T00:00:00.000Z",1005,200,"",""
"Ceuta",1205,981,81,"2021-01-17T00:00:00.000Z","2021-01-18T00:00:00.000Z",1005,200,"",29
"Ceuta",1205,1080,89.6,"2021-01-18T00:00:00.000Z","2021-01-19T00:00:00.000Z",1005,200,"",29
"Ceuta",2180,1110,50.9,"2021-01-19T00:00:00.000Z","2021-01-20T00:00:00.000Z",1980,200,"",29
"Ceuta",2180,1545,70.9,"2021-01-20T00:00:00.000Z","2021-01-21T00:00:00.000Z",1980,200,"",326
"Ceuta",2180,1641,75.3,"2021-01-21T00:00:00.000Z","2021-01-22T00:00:00.000Z",1980,200,"",373
"Ceuta",2180,1692,77.6,"2021-01-21T00:00:00.000Z","2021-01-25T00:00:00.000Z",1980,200,"",373
"Ceuta",2180,1829,83.9,"2021-01-25T00:00:00.000Z","2021-01-26T00:00:00.000Z",1980,200,"",503
"Ceuta",2180,1829,83.9,"2021-01-25T00:00:00.000Z","2021-01-27T00:00:00.000Z",1980,200,"",503
"Ceuta",2180,1757,80.6,"2021-01-26T00:00:00.000Z","2021-01-28T00:00:00.000Z",1980,200,"",569
"Ceuta",2180,1828,83.9,"2021-01-28T00:00:00.000Z","2021-01-29T00:00:00.000Z",1980,200,"",628
"Ceuta",2180,1890,86.7,"2021-01-29T00:00:00.000Z","2021-02-01T00:00:00.000Z",1980,200,"",688
"Ceuta",2180,1950,89.4,"2021-02-01T00:00:00.000Z","2021-02-02T00:00:00.000Z",1980,200,"",748
"Ceuta",2180,2008,92.1,"2021-02-02T00:00:00.000Z","2021-02-03T00:00:00.000Z",1980,200,"",806
"Ceuta",2180,2104,96.5,"2021-02-03T00:00:00.000Z","2021-02-04T00:00:00.000Z",1980,200,"",895
"Ceuta",2180,2156,98.9,"2021-02-04T00:00:00.000Z","2021-02-05T00:00:00.000Z",1980,200,"",921
"Ceuta",2180,2218,101.7,"2021-02-07T00:00:00.000Z","2021-02-08T00:00:00.000Z",1980,200,"",964
"Ceuta",2580,2218,86,"2021-02-08T00:00:00.000Z","2021-02-09T00:00:00.000Z",1980,200,400,964
"Ceuta",5120,2277,44.5,"2021-02-08T00:00:00.000Z","2021-02-10T00:00:00.000Z",4320,400,400,963
"Ceuta",5120,2559,50,"2021-02-10T00:00:00.000Z","2021-02-11T00:00:00.000Z",4320,400,400,963
"Ceuta",5120,2697,52.7,"2021-02-11T00:00:00.000Z","2021-02-12T00:00:00.000Z",4320,400,400,963
"Ceuta",5120,3522,68.8,"2021-02-14T00:00:00.000Z","2021-02-15T00:00:00.000Z",4320,400,400,964
"Ceuta",5120,3759,73.4,"2021-02-15T00:00:00.000Z","2021-02-16T00:00:00.000Z",4320,400,400,969
"Ceuta",5520,4111,74.5,"2021-02-16T00:00:00.000Z","2021-02-17T00:00:00.000Z",4320,400,800,969
"Ceuta",5520,4434,80.3,"2021-02-17T00:00:00.000Z","2021-02-18T00:00:00.000Z",4320,400,800,1019
"Ceuta",5520,4695,85.1,"2021-02-18T00:00:00.000Z","2021-02-19T00:00:00.000Z",4320,400,800,1086
"Ceuta",5520,5209,94.4,"2021-02-21T00:00:00.000Z","2021-02-22T00:00:00.000Z",4320,400,800,1086
"Ceuta",5520,5526,100.1,"2021-02-22T00:00:00.000Z","2021-02-23T00:00:00.000Z",4320,400,800,1087
"Melilla",1005,207,20.6,"2020-12-30T00:00:00.000Z","2021-01-04T00:00:00.000Z","","","",""
"Melilla",1005,426,42.4,"2021-01-05T00:00:00.000Z","2021-01-07T00:00:00.000Z","","","",""
"Melilla",1005,673,67,"2021-01-08T00:00:00.000Z","2021-01-08T00:00:00.000Z","","","",""
"Melilla",1005,832,82.8,"2021-01-08T00:00:00.000Z","2021-01-11T00:00:00.000Z","","","",""
"Melilla",1005,1005,100,"2021-01-11T00:00:00.000Z","2021-01-12T00:00:00.000Z","","","",""
"Melilla",1005,1005,100,"2021-01-12T00:00:00.000Z","2021-01-13T00:00:00.000Z","","","",""
"Melilla",1205,1098,91,"2021-01-14T00:00:00.000Z","2021-01-14T00:00:00.000Z",1005,200,"",""
"Melilla",1205,1230,102,"2021-01-14T00:00:00.000Z","2021-01-15T00:00:00.000Z",1005,200,"",""
"Melilla",1205,1289,107,"2021-01-15T00:00:00.000Z","2021-01-18T00:00:00.000Z",1005,200,"",0
"Melilla",1205,1297,107.6,"2021-01-18T00:00:00.000Z","2021-01-19T00:00:00.000Z",1005,200,"",29
"Melilla",2180,1326,60.8,"2021-01-18T00:00:00.000Z","2021-01-20T00:00:00.000Z",1980,200,"",29
"Melilla",2180,1500,68.8,"2021-01-20T00:00:00.000Z","2021-01-21T00:00:00.000Z",1980,200,"",203
"Melilla",2180,1500,68.8,"2021-01-20T00:00:00.000Z","2021-01-22T00:00:00.000Z",1980,200,"",203
"Melilla",2180,1500,68.8,"2021-01-20T00:00:00.000Z","2021-01-25T00:00:00.000Z",1980,200,"",203
"Melilla",2180,1631,74.8,"2021-01-25T00:00:00.000Z","2021-01-26T00:00:00.000Z",1980,200,"",332
"Melilla",2180,1713,78.6,"2021-01-26T00:00:00.000Z","2021-01-27T00:00:00.000Z",1980,200,"",414
"Melilla",2180,1713,78.6,"2021-01-26T00:00:00.000Z","2021-01-28T00:00:00.000Z",1980,200,"",414
"Melilla",2180,1934,88.7,"2021-01-28T00:00:00.000Z","2021-01-29T00:00:00.000Z",1980,200,"",631
"Melilla",2180,2113,96.9,"2021-01-29T00:00:00.000Z","2021-02-01T00:00:00.000Z",1980,200,"",806
"Melilla",2180,2348,107.7,"2021-02-01T00:00:00.000Z","2021-02-02T00:00:00.000Z",1980,200,"",1040
"Melilla",2180,2372,108.8,"2021-02-02T00:00:00.000Z","2021-02-03T00:00:00.000Z",1980,200,"",1062
"Melilla",2180,2383,109.3,"2021-02-03T00:00:00.000Z","2021-02-04T00:00:00.000Z",1980,200,"",1067
"Melilla",2180,2392,109.7,"2021-02-04T00:00:00.000Z","2021-02-05T00:00:00.000Z",1980,200,"",1073
"Melilla",2180,2398,110,"2021-02-07T00:00:00.000Z","2021-02-08T00:00:00.000Z",1980,200,"",1071
"Melilla",2580,2399,93,"2021-02-08T00:00:00.000Z","2021-02-09T00:00:00.000Z",1980,200,400,1080
"Melilla",3950,2399,60.7,"2021-02-08T00:00:00.000Z","2021-02-10T00:00:00.000Z",3150,400,400,1080
"Melilla",3950,2543,64.4,"2021-02-10T00:00:00.000Z","2021-02-11T00:00:00.000Z",3150,400,400,1082
"Melilla",3950,2647,67,"2021-02-11T00:00:00.000Z","2021-02-12T00:00:00.000Z",3150,400,400,1083
"Melilla",3950,2822,71.4,"2021-02-14T00:00:00.000Z","2021-02-15T00:00:00.000Z",3150,400,400,1084
"Melilla",3950,3070,77.7,"2021-02-15T00:00:00.000Z","2021-02-16T00:00:00.000Z",3150,400,400,1252
"Melilla",4350,3302,75.9,"2021-02-16T00:00:00.000Z","2021-02-17T00:00:00.000Z",3150,400,800,1254
"Melilla",4350,3404,78.3,"2021-02-17T00:00:00.000Z","2021-02-18T00:00:00.000Z",3150,400,800,1255
"Melilla",4350,3725,85.6,"2021-02-18T00:00:00.000Z","2021-02-19T00:00:00.000Z",3150,400,800,1255
"Melilla",4350,4094,94.1,"2021-02-20T00:00:00.000Z","2021-02-22T00:00:00.000Z",3150,400,800,1262
"Melilla",4350,4095,94.1,"2021-02-20T00:00:00.000Z","2021-02-23T00:00:00.000Z",3150,400,800,1262
"Totales",718575,82834,11.5,,"2021-01-04T00:00:00.000Z","","","",""
"Totales",743925,207323,27.9,,"2021-01-07T00:00:00.000Z","","","",""
"Totales",743925,277976,37.4,,"2021-01-08T00:00:00.000Z","","","",""
"Totales",743925,406091,54.6,,"2021-01-11T00:00:00.000Z","","","",""
"Totales",743925,488041,65.6,,"2021-01-12T00:00:00.000Z","","","",""
"Totales",1103700,581638,52.7,,"2021-01-13T00:00:00.000Z","","","",""
"Totales",1139400,676186,59,,"2021-01-14T00:00:00.000Z",1103700,35700,"",""
"Totales",1139400,768950,67,,"2021-01-15T00:00:00.000Z",1103700,35700,"",""
"Totales",1143300,897942,79,,"2021-01-18T00:00:00.000Z",1107600,35700,"",2315
"Totales",1143300,966097,84.5,,"2021-01-19T00:00:00.000Z",1107600,35700,"",9341
"Totales",1346100,1025937,76.2,,"2021-01-20T00:00:00.000Z",1310400,35700,"",15642
"Totales",1346100,1103301,82,,"2021-01-21T00:00:00.000Z",1310400,35700,"",49056
"Totales",1346100,1165825,86.6,,"2021-01-22T00:00:00.000Z",1310400,35700,"",68456
"Totales",1346100,1237593,91.9,,"2021-01-25T00:00:00.000Z",1310400,35700,"",88698
"Totales",1346100,1291216,95.9,,"2021-01-26T00:00:00.000Z",1310400,35700,"",123697
"Totales",1769055,1356461,76.7,,"2021-01-27T00:00:00.000Z",1733355,35700,"",173066
"Totales",1769055,1395618,78.9,,"2021-01-28T00:00:00.000Z",1733355,35700,"",192759
"Totales",1769055,1474189,83.3,,"2021-01-29T00:00:00.000Z",1733355,35700,"",251866
"Totales",1769055,1609261,91,,"2021-02-01T00:00:00.000Z",1733355,35700,"",357892
"Totales",1769055,1673054,94.6,,"2021-02-02T00:00:00.000Z",1733355,35700,"",418519
"Totales",2218755,1764778,79.5,,"2021-02-03T00:00:00.000Z",2131155,87600,"",498978
"Totales",2218755,1865342,84.1,,"2021-02-04T00:00:00.000Z",2131155,87600,"",586122
"Totales",2218755,1988160,89.6,,"2021-02-05T00:00:00.000Z",2131155,87600,"",682909
"Totales",2218755,2105033,94.9,,"2021-02-08T00:00:00.000Z",2131155,87600,"",786407
"Totales",2412555,2167241,89.8,,"2021-02-09T00:00:00.000Z",2131155,87600,193800,838782
"Totales",2914755,2233249,76.6,,"2021-02-10T00:00:00.000Z",2528955,192000,193800,889683
"Totales",2914755,2320507,79.6,,"2021-02-11T00:00:00.000Z",2528955,192000,193800,943278
"Totales",2914755,2423045,83.1,,"2021-02-12T00:00:00.000Z",2528955,192000,193800,1000485
"Totales",2914755,2561608,87.9,,"2021-02-15T00:00:00.000Z",2528955,192000,193800,1070091
"Totales",2914755,2624512,90,,"2021-02-16T00:00:00.000Z",2528955,192000,193800,1096922
"Totales",3622165,2690457,74.3,,"2021-02-17T00:00:00.000Z",3012165,192000,418000,1119180
"Totales",3622165,2782751,76.8,,"2021-02-18T00:00:00.000Z",3012165,192000,418000,1144556
"Totales",3622165,2936011,81.1,,"2021-02-19T00:00:00.000Z",3012165,192000,418000,1171026
"Totales",3622165,3090351,85.3,,"2021-02-22T00:00:00.000Z",3012165,192000,418000,1197061
"Totales",3622165,3165191,87.4,,"2021-02-23T00:00:00.000Z",3012165,192000,418000,1208305